-0.5390126407	2.151983215	0.6857329936	-0.1638889214	-0.7953530049	2.53123776	-0.5845281318	3.299171076	0.1603826133	0.3903659185	0.8285847893	0.93597941	0.8667838708	0.5523648919	0.7781062794	-1.235254253	2.328263978	0.9886536486	0.576743907	0.8763394665	5.328760865	1.010632546	-0.9082428079	0.5990978623	0.7228282303	2.035486595	-1.728601517	-0.3256647104	-1.636448292	-2.080409988	
-1.482995632	-0.4758439798	-0.5409936073	-0.2003326567	-1.923073261	0.5312652627	-1.410508503	3.670404519	0.3239788893	0.7511395913	-0.6284124379	2.640400548	1.66513578	0.8477358777	0.06523611946	-1.749067861	1.967403339	1.449294337	0.01137678019	-1.10609609	5.685804727	2.63102567	-0.0090676785	1.16646979	1.039008702	0.8336169681	0.5196867778	-1.063494554	0.1545807058	-1.445186141	
-2.969256803	-1.494734728	-0.9578340684	0.4462127916	-0.4795019923	-0.7766486445	-0.5485433188	3.737642758	2.160051597	0.5926870324	-0.01203100841	-0.190895333	0.3276234198	1.498053262	0.4494670205	-1.501423017	4.003264891	3.345241214	0.8342419168	-0.254000413	1.477305238	-0.6833095754	0.7534474281	0.3487954156	0.8238286088	0.1342750473	3.871245259	0.03476727132	-1.078239814	-0.2564497545	
-1.785245977	0.2050146459	-0.205894377	-1.077038379	0.4852804801	-0.1680980049	0.4603537622	2.611914626	1.624644741	-0.2463134886	0.7454654841	-1.421230277	-1.354159697	-0.9538134691	0.2170088754	0.2551932459	2.560247293	2.900153671	1.457038675	-0.1899664786	-1.916441453	0.4881536932	-0.4600207132	0.7943867888	-0.1566080839	1.771511183	1.477516706	1.775655965	1.484110244	1.279979302	
-1.406626837	3.245624003	0.6513024523	-1.364061054	0.4228876792	0.4963154517	1.143537105	2.258497726	2.352496931	-0.7036414596	0.7273278564	0.548453289	-2.319425758	-2.886927595	-0.8023700075	1.288323349	2.105317436	2.382366016	1.179896988	-0.1698808452	-0.4817011604	0.9744579574	-1.886771875	-0.3988908844	-1.62184467	3.080539997	0.5107463022	2.084918706	0.4775524533	-0.8203512612	
-1.361448913	1.032127213	0.7477266033	-1.621772495	-0.5975190681	-0.8653398553	0.2850460472	2.017698545	2.795333716	-0.7629825558	1.034093743	2.093006605	-1.456334883	-2.589472385	-0.9524615232	0.7019693832	1.814775486	0.324833272	0.1081276538	-1.572695051	-0.6866238209	0.2631700333	0.01464634532	-0.3735376863	-1.027497145	3.668383253	0.6677160338	0.02326425144	-0.3519770105	-0.8110717651	
-1.408889703	0.1200593175	-0.4857256162	-1.372685063	-1.880142362	0.7407609003	-0.5565822872	1.749941675	2.946735911	-0.09193493699	0.504080474	0.6817147886	-1.572539234	-1.930531464	-0.6168880023	-0.6334619462	2.160462533	-0.4664484588	-1.030807163	0.2933298669	-0.2318435663	-0.07372372287	-0.5430208736	-0.3176866964	-1.136113214	1.295503534	-0.2611910947	-0.7866529659	-1.516074712	-1.548030871	
-1.902603537	1.677988692	0.691523671	-0.7857752478	0.2467859197	0.3183990258	-0.8958139658	1.416585699	1.243257149	-0.2105621912	-0.7636374926	-0.6004065225	-1.2114125	-0.4670270729	0.3851751435	-1.812592467	2.404390987	-0.4563415767	-1.254599227	0.1449411237	-0.2064052595	-2.040565336	-0.9904657467	0.3560717179	-1.661463255	0.5779797686	0.7111027885	-0.3849063705	-0.2050631429	-0.7356868947	
-1.855033318	-0.8114692102	-0.540138457	-1.1533492	0.7082483674	-1.543102257	-0.8565812631	2.083417155	-0.128049311	-1.167946777	0.7316764803	1.220324591	-1.222173534	-0.4876240382	0.5289164503	-1.827792982	2.529625393	0.671999974	-0.9203762954	-0.2651899127	-0.08441065738	0.7509064126	-0.5234180738	-0.1145928092	-1.083292771	1.359296322	0.5922564318	-0.2938841002	0.5818115694	-1.036780518	
-1.630806926	-1.64950838	-0.7183414452	-1.29783477	-1.40597757	1.324996157	-0.185017783	1.642647147	-0.4215762671	-1.445655243	0.9149577634	0.5663241791	-0.8892522139	-1.660389705	-0.4129542996	0.2797083945	2.214193445	0.5849453271	0.7045102787	-0.7644060593	-0.6567931273	0.05716000935	-2.195594311	-0.9231622472	0.5216087241	0.8937853782	0.3069640369	1.212068902	0.9297756049	-0.1278200037	
-1.362206656	-1.09890232	1.014584009	-1.162381464	-0.8993821828	0.3335812268	-0.1085341349	2.206216362	0.6244761701	0.1670582394	0.3580086898	-0.6624546864	-1.159782398	-1.629908611	-0.389432185	2.51221922	1.398363224	1.193620184	1.989432472	0.06966492099	0.4314484436	-0.6831826136	-1.711498475	-0.7255446091	0.1153594825	0.8209784104	-0.4570552816	1.360314453	-0.2083013661	-2.098451689	
-1.270108575	0.6734602011	-0.7530593885	-1.034686117	0.6669033605	-0.171167225	-1.02910843	2.026806354	1.383908447	1.659712066	2.017635456	-0.939335995	0.2061305416	-2.43735566	0.02426535907	2.69826083	1.440893855	0.7740517331	1.549185038	-0.5518864618	-0.4344196931	0.6156738628	-0.3562080172	-0.2142114878	0.7868465502	0.5525574736	-0.417438676	1.237088144	-0.8737614117	-0.7126299673	
-1.151840736	2.387871294	-0.3357154903	-0.8648165683	0.8306328367	0.8833344774	-0.7885007773	1.860819374	1.25294739	1.807627106	1.063783881	1.54253128	-0.9848804931	-2.482568972	-0.5695961157	1.264856096	1.083366982	0.7096123874	1.165113088	-1.032456204	0.1370182373	-0.7710916669	-0.0120778597	0.07701025351	0.4793175205	0.1222126045	-0.3595747438	0.1768122958	-0.5090662126	-0.9017058966	
-1.316332734	0.4268241696	0.8043911242	-1.06782323	-0.7478570093	-0.1334666431	-0.339271052	1.618565067	1.417623368	0.713000587	0.4280427737	2.635123603	-0.1975875213	-3.198636461	-1.100035377	-0.1884479533	0.9855797274	0.9262246124	0.7030000561	-1.095727856	-0.2273079062	0.1258379161	1.133718199	-0.5773368551	-0.8356786908	-0.7484164539	-0.9103416111	-0.7461494376	-1.870116988	-1.07436496	
-1.277287198	0.07849985178	-1.212404701	-1.256386632	-1.54430524	0.1249661601	-0.9290715414	1.554666021	1.62600028	0.3327736858	0.7654355635	0.4650311165	-0.6071696836	-2.458673404	-0.6191627653	0.3204108106	0.9473346778	-0.01483660774	0.7293399459	0.1470266545	-0.1889209867	-0.5382429149	1.737860251	-0.2403759577	-0.8444887374	-0.686401228	-0.8665344892	-0.9130537306	-0.9880454765	-0.819271956	
-1.233356093	1.839569231	-0.2633976224	-1.367882367	0.6669255913	0.3230854035	-1.138532947	1.377694358	0.5194837189	0.09271519926	0.5774540483	-0.2138371172	-0.8373600611	-2.020648965	-1.198668762	0.6669261695	0.7403004951	0.2804465611	0.4096561128	0.00389123385	-0.1617749815	-0.6711952678	-0.3774495511	-0.61012186	-0.6903143235	-1.067864327	-0.4293150022	-0.6944140548	-0.08514431692	-1.216154506	
-1.478759908	-0.01382014244	0.9679943781	-1.199154192	0.7103739737	-0.4684563522	0.264028986	1.423299389	-0.6057120141	-0.05604443876	0.5840053505	1.115002139	-0.9969493967	-1.676923654	-1.669735029	0.1503629813	0.7048003585	-0.2013608903	-0.05787102821	-0.9992590939	0.4243157746	0.6643943476	-0.3010500811	-1.238443408	-1.15335128	0.07303793223	-0.2948362189	-1.17705705	0.3065194794	-1.37180339	
-1.245022343	-1.073398447	-0.6506407683	-1.515728324	-1.458939799	0.09289092011	0.09487338879	1.410142083	0.1940663168	-0.3283953788	1.086664885	0.7621770611	-0.6528117742	-1.530926982	-2.00601975	0.309671318	0.8407043902	-0.2608636049	-0.6095263338	-0.2382372051	0.1181438409	0.1839144703	-1.059442448	-0.5771953879	-1.398490699	0.388715512	-0.2338455353	-1.719944322	-0.9292955756	-2.052836488	
-0.90528344	-0.65690009	-0.9181540505	-1.324082402	-0.4925904238	0.9956340109	-1.562806827	2.226154015	0.4911703205	-0.3974747128	0.1077527824	-0.6368774531	-0.4814901862	-1.637854315	-1.905653179	0.7112905952	0.6330321991	0.09143979049	-0.3670800987	1.046759009	-0.1566742903	-0.6999429537	-2.17684759	-0.2644415547	-0.7579946089	0.007675118978	0.2237914962	-1.373145146	-0.1159745318	-0.5793318069	
-1.295786643	1.190659477	0.9344587716	-1.142499848	0.8887555473	-0.2406183679	-1.373268422	1.783060918	-0.7318788934	0.3523362685	-0.5367900377	-1.008560849	-0.4716946951	-1.460809066	-1.280548053	0.5898131118	0.8518221671	-0.6011292324	0.01268543222	-0.5068719868	0.3216653906	0.6325085559	-1.645059207	0.6551505879	-1.35365564	0.280551264	-0.3430323799	-0.6291435668	-0.2687981363	-0.625754059	
-1.346598993	-0.4557101582	-0.7433067225	-1.149655199	1.47860226	0.343101036	-0.8351663377	1.183181945	-0.791641443	0.5080465049	1.17137954	0.4673415166	-0.0874552807	-0.3643090342	-0.5917150147	0.2913071658	0.7723821642	-1.047020433	0.1936046074	-1.670543046	-0.05685240744	0.1229611749	-0.5185378233	0.872577628	-1.493788489	0.2136209026	-0.9109773995	-0.4217753025	-0.09324855536	-1.521826641	
-1.165949527	-0.9662989048	-0.1874808545	-1.372341338	-0.8131567916	1.069933804	-1.288047674	1.168829953	-0.5035887767	0.7800420369	0.6132847308	1.005943882	-1.276891477	-0.02158434413	-0.5307884707	-0.07074131589	0.6252045025	0.7111432821	0.3493969999	-1.879632291	0.3472701182	0.8097816533	-0.0266532511	0.7324853833	-1.804232347	-1.567755456	-0.9199406095	-0.3818611105	-0.3506273943	-0.9580569497	
-1.401844763	-0.6188368419	0.3252796765	-1.166213789	-0.9240658241	-0.3350242036	-1.147142125	1.510414485	-0.5853537855	1.09253311	-0.9280024915	-0.5756384357	0.3226411898	-0.5222100219	-0.3087551621	0.2607418644	0.6305963096	1.623119089	0.4971317817	0.2289895154	0.7332259306	0.1180463262	0.2396268901	0.1186022143	-2.303905629	-1.196530539	-0.7902498338	0.362735591	-1.097087176	-2.368806341	
-1.495206356	0.4742740726	-0.981019071	-1.067700093	0.4878876556	0.4769433953	-0.7732676996	0.919326758	-0.1751184218	0.9186157696	1.320088424	-0.9753963736	0.4473488204	-0.9851445456	-0.5455930636	0.5834192123	0.6585008372	0.5099768832	-0.5890995031	0.5178340655	-0.04988411107	0.6351576854	0.1474447228	-0.6604889949	-0.8679654366	-0.5749702677	-1.087611957	0.5589604119	0.1473604939	-0.1744049087	
-1.156626464	1.424021792	-0.5298573158	-1.211015271	0.9219684256	0.8814511405	-0.7782455152	0.8454585207	-0.3776562225	0.5417145611	0.07990072481	0.6516527621	-0.9547667262	-0.8067264822	-0.4531866275	0.9167795118	0.01807945119	-0.1619775327	-1.514908365	-1.079953748	0.398866872	-0.9732928138	-0.7745018234	-0.3294121589	-0.9036991102	-0.2459817759	-0.1788812556	0.2909613629	1.275420847	-1.751410283	
-1.472906715	-1.241554686	0.8360705626	-1.287957417	0.7451104769	-0.5514421677	-0.8325102253	1.319132365	-1.252614076	0.8206412269	-0.2056274289	1.768171431	-0.6844355572	-0.8628102237	0.6093349336	0.7757711009	0.1256368625	0.4816199365	-1.400311923	-0.8199617314	0.2004732544	1.039663	-0.2266880197	0.09819301223	-0.9664529705	-0.9817145071	-1.216929479	1.122969147	-2.225245211	-0.2165671635	
-1.156514516	-1.209840026	-1.573766893	-1.203094506	-1.688637683	0.7228011544	-0.4357548034	0.3432030618	-0.4610181705	0.7647092617	1.3190191	0.6583482191	0.121290451	-1.638040009	0.9190453086	0.6256292532	-0.0744994109	0.3295679578	-0.7297344553	-1.923287702	-0.1747601638	0.7292566852	-0.7170867263	0.509346742	-0.2449687811	-0.08079858482	-1.440495795	1.564768309	-0.1213047737	0.03334571435	
-1.145736417	-0.3987923281	-0.2714126862	-1.048450575	-1.104710393	1.696406019	-0.3442838778	0.2316022723	0.6744111381	0.8163241546	0.035491857	0.2422473991	-0.6669394447	-1.707506734	-0.382730704	1.260141548	-0.3181732167	1.175381778	-0.1730532669	-0.4311455087	0.8128533905	-0.6054920598	-0.1705582788	-0.7456788754	-0.5697636419	-0.2849622207	-0.6653405464	0.5466962952	1.616533811	-1.98243262	
-1.283902484	0.04674417325	0.3982444676	-1.042333109	-0.6834388252	-0.9770093071	-0.2905325085	1.379691121	0.5907957268	0.7433705863	-0.2426669017	-0.2368609146	-0.2090475481	-2.194016607	-1.373498706	1.215108315	-0.8857010517	1.397606034	-0.4445807548	0.7567492521	1.445032575	-0.2889005664	0.1850571605	-1.329022069	-2.129448797	0.06304369532	-0.836050307	-0.3723154637	-0.8671113621	-0.6243946809	
-1.635767098	0.02296483389	-0.6231606574	-0.8793095331	0.2254381176	1.043654069	-0.3569810304	0.1829935928	0.4668953232	-0.8072738641	1.238361668	-0.5831554979	0.537883469	-2.163964829	-1.622011558	0.9159977728	-0.2557187719	-0.6393118287	-1.391351894	0.9975298188	0.1668416503	-0.05613425784	0.4375759042	-1.865936779	-1.476810846	0.6807771098	-1.305246426	-0.7203695383	1.154059075	0.3539580465	
-1.321317408	0.8322593634	0.1351040299	-1.200185172	0.6771277439	0.998365362	-0.4484971826	1.140724456	-0.3007439562	-0.88231841	0.009782597525	-0.745261474	-1.52646714	-1.893853634	-2.036346527	0.8372973977	-1.083355675	-1.958499057	-1.038878702	-0.6221652345	0.6451378033	-0.5809425504	0.04553818165	-0.8100925076	-0.6782639735	0.9722505661	-0.1464935193	-0.4192748329	2.463684838	0.6819061809	
-1.620602076	0.04736051894	1.052371922	-0.6738772332	1.088519349	-0.5536958373	-0.1959400296	0.7136356388	-0.7604789048	-0.05842447214	-1.089149419	0.5399584023	0.5255228058	-1.183563541	-0.7474403418	0.5936250044	-0.656647364	-2.16130669	-0.6538490319	-0.3612282564	0.8239379449	-1.488927915	-0.7349207465	0.3511827936	-0.9133258564	1.548917482	-1.505460398	0.2313011382	0.6288521122	0.1385291266	
-1.247469681	-1.368286685	-0.8069688985	-0.907514223	0.8921340079	0.3051420192	-0.4424429278	0.9231481988	-0.5355551155	0.6783544442	1.133673392	1.189758114	-1.306581852	0.1344610414	0.9080928039	0.1343691201	-0.9809179847	-1.292142287	-0.9693163321	-1.102845893	0.48334923	0.394592117	-0.1937983903	1.573542105	-0.8248013347	0.5552503048	-1.245747411	0.5380148849	-0.791062072	-0.0325398842	
-1.310929704	-1.318918163	-0.3713209907	-0.8512275183	-0.5507328405	1.9057223	0.08501714258	0.6835002609	-0.4706977568	0.6669025055	0.06347791255	0.9851564967	-0.6928939456	-0.08393478957	1.007119241	0.1496707455	-0.6381636355	0.5823010691	-0.9294557071	-2.295269127	0.6548393275	1.122760485	-1.111246472	1.657382089	-1.269540675	-1.020560272	-0.6530097766	0.450589106	-1.008698203	0.435609836	
-1.313315204	-1.060487448	0.9427068226	-0.5223531074	-1.026106065	0.4673419879	-0.1034122442	-0.04968420002	-0.297946517	0.4866004899	-0.2482986451	0.1119844941	-0.6503193224	-0.9322460159	0.3550655729	0.765460339	-1.184543638	1.738069554	-0.9267135983	-2.598005596	0.576779844	0.7040189693	-0.5068069671	0.9435816762	-0.6675617466	-0.3830081928	-0.8302996383	0.3675330465	1.402222462	0.2037063163	
-1.436000918	-0.6730384746	0.492263504	-0.4011017217	-1.054397911	-0.5389495444	-0.39098622	-0.5195081083	0.4031873388	0.3116811612	1.084621656	0.3087429427	0.476966431	-1.606650288	-0.9958711313	1.107351709	-1.059181275	0.8630388948	-0.7407305725	-1.626333938	0.6272153551	1.141366475	0.5700836453	-0.589253695	-1.115404054	0.6363533369	-1.665694265	0.3648349116	2.48901843	-0.01811839358	
-1.048896274	-0.6585207271	-0.6127075618	-0.4874554571	-1.454864027	0.9417231527	-0.4953524011	0.009164229228	0.6762886306	0.3395086034	0.6575243257	0.3035123642	-1.358145501	-0.5467475876	-1.294188106	0.2990878565	-1.639685565	-0.6338215497	0.4200573378	-1.516573283	0.3652297778	-0.5346480166	1.655702195	-0.995288668	-1.17697386	0.8734713552	-1.206865651	-0.0446508698	1.105484179	-0.7540455717	
-1.361452299	-0.4208945318	-0.1081414412	-0.6065274211	-1.019770377	1.304617952	-0.1802802145	0.763697831	0.1196687987	0.6842450095	-1.161017466	-0.3792247693	-0.9165615651	1.074014584	-0.1534525292	0.3050251348	-1.078800289	-0.593036768	0.7404978873	-0.4465358024	0.2880496403	-1.262130088	1.854385408	-1.103776293	-1.328147771	-0.8022465224	-0.9211310251	-0.1699299033	-1.304800572	-1.419885116	
-1.604621899	-0.3707507096	-0.4678164457	-0.5371714433	-0.4873085075	-1.265206611	-0.9272890395	0.937444169	-0.4482599421	0.7499718645	-0.388752187	-0.6940276205	0.6507589155	0.8000337156	0.6190294302	-0.2169649095	-1.223206056	0.7092798667	1.311589637	0.8509444313	0.3261280514	0.565968233	0.9103778897	-0.9791338302	-1.009410843	-1.59406888	-2.123140581	0.02217743082	-2.152229222	-0.02728672531	
-1.445437956	1.112257759	-0.8474089146	-3.314517166	0.4035479446	0.1536783735	-1.307128098	-1.406369581	-1.027608017	0.5341803201	-0.2607058833	-1.106822735	-1.076968135	1.84598627	0.1789286565	-0.3766710439	-0.04593430167	0.3080606051	2.622735089	-0.193856188	0.3649161566	-0.6302006951	-0.3111790619	-0.7107232949	0.9480578342	-1.278447337	0.5266319895	-0.3990390468	-1.261397019	0.1656683354	
-1.506655292	-0.3228341837	-0.2927013393	-2.240529299	1.148980065	-1.294538589	-0.1268981309	-1.549764317	-0.9811014917	0.243966517	-0.2963382291	0.12298365	-2.138861514	0.8296914092	-0.3358443265	-0.9468207277	-0.5417744936	0.8798695503	2.875066163	-0.5581104732	1.296130478	-2.529469089	-0.3586353958	-0.1515654368	2.21934724	1.290970763	0.8448310794	-0.8499941282	0.1120205181	0.3365175179	
-1.469587387	-1.279911245	-0.2012573482	-2.197687879	0.9253822125	-0.3534272037	1.674475224	-1.862288056	0.05421585724	-0.5947314605	0.009204602685	0.7923915855	-2.529299257	-0.3143021803	-1.107369612	-2.199924021	-0.4494148629	0.3856339669	3.431451463	0.5281920602	-0.7137551661	-1.527520506	-0.8693589271	0.8025168753	3.069596387	2.2228681	1.440782062	-0.7383242919	-0.1970445414	-0.4787834417	
-1.845309583	-1.027830209	1.51602176	-1.905476124	0.6131858639	-1.226160117	3.269923835	-0.5254413885	0.3933668879	-0.06134593856	-0.9204557609	0.7041866907	-1.881596732	-0.8730895131	-0.6995377942	-0.9183460504	-0.921573424	-0.3816513213	2.272282869	0.487139306	-0.2477879189	0.2045320237	-1.534137619	1.400520884	2.655766856	2.858460429	0.9588661882	-0.352080568	-0.01176241647	0.4468712261	
-1.320716079	-1.532162534	-0.5410797872	-1.181562568	0.7742161664	0.6601810452	3.564636803	1.108747011	2.035094289	0.4656538624	1.435965236	1.104573967	-1.850794421	-0.9383170782	0.4348468373	-0.178135104	-1.310494662	-0.233467941	1.145385459	-0.1179615619	-1.204729163	0.8691022025	-0.779044186	1.202479533	1.933584993	2.67746323	0.4954785445	-0.3139411051	-0.5051262176	0.8306567894	
-1.63983086	-1.016124229	1.001938031	-0.5388319216	-0.9029741363	1.595695071	3.036457167	0.1135162739	2.907516458	1.203421721	-0.4050702929	0.5041690234	-0.6898106895	-0.5623800846	-0.2827985361	-0.8825401662	-0.8529926969	0.1374049565	0.7196018223	-1.97061692	-0.5726845415	0.1475943949	-0.5008005371	1.261164443	1.280536663	0.4658309169	0.4103502145	0.1568686229	-0.2352403952	1.656794663	
-1.414020251	-0.6756655193	0.5709566246	-0.8082884833	-1.283488633	-1.512667427	1.790624508	0.5780090207	3.279290516	1.391516785	-1.220019082	0.6886806865	-0.1823430894	-0.6167260879	0.2587707637	0.03883139177	-1.732281046	0.7539617911	0.7655927472	-1.30571781	-0.4179876174	0.9517683514	0.7745522025	0.810121832	1.015274589	-0.3558379618	0.07740550319	1.354835413	1.002479464	-2.011935115	
-0.9824861883	-0.6061158282	-1.361623092	-1.136271467	-0.7538417549	0.4335710145	0.02048424334	0.7290833062	2.506996097	1.531028948	-0.4121794602	-0.4861734537	-0.5768941244	-0.2026008958	0.5649678033	1.309505211	-1.49038691	0.3637756706	-0.1394495997	-0.3700011152	-1.227146791	0.1617579839	0.463920579	0.201583337	-0.2194294267	0.3470858978	0.6247444263	1.473596221	0.09337464889	-1.38764181	
-1.093809239	-0.3048049744	-0.6283688053	-0.8076512763	-0.1632251882	0.8313606325	-0.7716449193	0.6592876623	1.328209929	1.922481097	-1.550653553	-0.3584870745	0.406739721	-0.1405822923	0.6742915145	1.493334944	-0.8380123684	0.4019503186	0.03427432625	0.7501436047	-1.321401821	-0.5360329294	-0.5519513184	0.09093139024	-0.2472203126	0.02374232206	-0.349485991	0.1914401009	-0.6739516367	0.4355365645	
-0.9709245946	0.4929976924	0.3323832645	-0.853959744	0.02539395466	-1.196181091	-0.6945726383	1.42406645	1.049793867	1.226454171	-1.204723058	-0.5559723354	-0.6496136579	-0.0669464745	0.1195606428	0.6123424379	-1.884980862	1.446376414	0.7136367965	0.9664791852	-0.2253056612	0.7264346458	-1.008099412	0.6543455335	1.018409297	-0.2482714401	-0.6165759575	-0.8789221419	-0.4582370511	0.7145861146	
-1.174615235	0.9431741632	-1.082494435	-0.5332120258	0.6377055139	0.02417160875	-0.4614089262	0.669221716	1.474224402	0.3714036372	1.371352031	-0.7118701596	0.1161415119	0.3925154038	0.145868878	0.5330117606	-1.436310855	0.9684313033	-0.1057635293	0.539623512	-0.8541802014	1.021931336	-1.276061577	0.3533709352	0.2267051592	0.9867981344	-0.5740723084	-1.786163091	0.04168757994	-0.6784426046	
-0.8461056335	2.200652615	-0.6742820824	-0.4029699646	0.4839773825	1.63103177	-1.266170608	0.09464796146	0.9575914639	-0.5211980872	-0.8717455618	0.08358090131	0.5662046103	1.152596582	0.7108814499	0.1628965696	-1.082336751	0.6479064459	0.7124763972	-0.4200159642	-1.520182679	-0.1463012822	-1.062060182	-0.214400456	0.03820510487	1.042877912	0.1427755044	-1.597011315	1.515153358	-0.5406433186	
-0.9066327621	1.191674957	0.4698548207	-0.5648567659	0.9442727986	-1.033650679	-1.553017739	1.091676768	0.3605437201	-0.5888153309	-1.294219023	1.609345242	-1.246500969	0.2823569316	0.6681321007	0.2446520879	-1.99493393	1.671062417	1.654274257	0.04972747782	-0.1643783069	-1.580665797	-0.2975598913	0.2976886458	0.311261535	0.5052021389	-0.9354140397	-0.5817255684	0.2900369841	-0.5820411256	
-1.02734597	-0.04414514265	-1.076059524	-0.8154018445	-0.7066775131	-0.7105894857	-1.182727951	0.3722237365	0.3324808148	-1.074403005	0.6983504321	2.350044441	-0.4482342485	-0.08468336359	-0.7470779078	-0.4164646728	-1.56807771	0.7424488428	-0.4208537577	-1.259993199	-1.019390481	0.5089134914	0.4359918349	1.110813707	0.0114016784	0.3101531455	-1.131726919	-1.24675411	-0.4212692202	0.6119162892	
-0.7867206968	-0.5600733884	-1.654942124	-1.020471738	-1.611591125	0.8034010261	-0.7556450327	0.185459675	0.2220572241	-0.6999850349	-1.269660546	0.7475041752	-1.083576578	0.06529129236	-1.089022297	-1.159432889	-1.53061873	0.2597437034	-1.346147337	-0.9861208605	-1.163286683	-0.2236858673	0.4306476102	0.9221090735	-0.232909158	0.007306086551	-0.01705922049	-1.23036587	0.2834307634	-0.5489614789	
-1.10854202	-0.9016707244	-0.364866224	-0.8478602488	-0.554685526	0.009892182233	-0.6046034477	0.9616566189	-0.03500903271	-0.3177024996	-2.328488784	-0.8150077321	-0.7912695513	0.1687901037	0.352248392	-1.67368053	-0.9662604362	0.2152806117	-1.439904719	1.248321511	-0.7854977022	-0.6007867307	-0.8100619122	1.522952987	-1.335747201	-0.4322410816	-0.08184367032	0.4974051733	-2.09034653	-0.6144761617	
-1.13925471	-0.4761328352	-1.122289173	-0.6918033797	0.139202868	-0.903123727	-1.16215347	0.568743198	-0.1091349224	-0.2389639545	0.1237939589	-1.344934531	-0.2784735847	0.2382869693	2.393541987	-2.017996395	-0.7585116899	0.03307234524	-1.633042807	1.137675805	-0.7398752993	1.211186175	-0.9969124883	2.271807592	-0.9344032351	-0.1110811888	-1.020634809	0.4358472226	0.4048819109	0.3510518843	
-0.950684896	-0.1330408889	-1.234790564	-0.853375958	1.115742563	0.9755597132	-0.843580128	0.4291060424	-0.3348886082	-0.2573977743	-0.6994804829	-1.452851049	-0.706050987	0.3225965401	1.979882104	-0.1607206647	-0.4937860633	0.3488259501	-1.251594124	-0.4235187659	-1.27132897	0.645390859	-1.883184676	2.228677705	-0.7281628603	-0.4277891788	0.5706201225	0.4249007252	1.324548665	-0.06757417544	
-0.8037693901	0.5408462391	0.3554017415	-0.572267224	1.143099956	0.1328734648	-0.5021840104	0.444231608	-1.030987282	0.5980810568	-1.420569161	-0.6335115991	-0.06636083653	0.8096110673	1.087418394	0.9164291093	-1.01872343	1.00998063	0.4166703989	-1.360357081	-0.5454275836	-0.9279475533	-1.908339567	1.735798174	-0.8598725354	0.5564202658	-0.8739613366	0.9391064818	-0.5609955622	0.5834446005	
-0.664099674	0.1738288364	-1.297904638	-0.3047440786	1.359339324	-0.7778817247	-0.9109687236	0.2171847533	0.2208925628	1.229208025	1.14625175	1.108532381	0.1750186584	1.110518055	0.5824117528	0.8054787461	-1.12475964	1.892266996	0.1191437396	-0.8225845689	-0.6413053318	-0.3718176453	-0.08718408537	0.6423653694	-0.8477700388	0.8532201459	-1.781265089	0.7648662338	-0.8318099709	-1.004275497	
-0.654687248	-0.0854023407	-0.7614910837	-0.4693131976	1.243142558	1.331627403	-0.5006624426	0.1977861769	0.09448727971	0.9941497119	-0.1701997156	1.877829489	-0.9738721637	0.0980316177	-0.5308577447	-0.1297307599	-0.9590320331	1.635385236	-0.5508884517	-0.6559120519	-1.196760158	0.1163837152	1.366194486	-1.003716441	-0.7386813778	0.02096887847	-0.8084520368	0.08924840124	-0.4687709581	0.2945408725	
-0.7871986288	-0.6822963378	0.7857746372	-0.4690316753	-0.886417042	-0.5898172514	-0.6564614314	0.1892076733	-0.1985502839	1.091807841	-1.620317778	1.122927207	-1.099146739	-0.4262055679	-0.3014394655	-0.5855322981	-1.088131908	0.6355544304	0.4975645941	-2.102905772	-0.8764594914	0.43051098	1.405626429	-0.4640840432	-0.6640695772	-0.3316608273	-1.270937735	-0.03375550203	0.6670074814	1.596145001	
-0.3023391189	-0.8283582862	-2.055090601	-0.6935145767	-1.12398182	-0.1645854772	-0.3900858235	0.7687133185	0.180378093	1.481127691	-0.2128636481	-0.2291489054	-0.7748251301	0.7476190654	0.5167874942	0.01942471162	-1.017043735	0.2131055552	0.9366481755	-0.7556214751	-1.270755479	0.2351378464	1.30847388	0.9990619811	-1.30842552	0.08726783477	-0.8939752251	-0.6580325331	-0.789714074	-1.624689633	
-0.3491210493	0.4438861011	-1.407024737	-0.6023856601	-0.6334337173	0.7633299257	-0.0434064086	0.8795471994	0.4734688798	1.483942472	-1.355510208	-0.2564017117	-0.9545734406	0.6124204092	0.06344992397	-1.054105723	-0.7253522278	1.828076007	0.8325288582	0.9226494341	-1.062601384	-0.4686016003	-0.2369139986	0.3082877122	-1.751201298	-1.172244988	-0.3328739291	-0.3285273843	-2.491322281	-0.6498061892	
-1.085888367	1.659968795	0.3498483922	-0.03853191072	0.317189674	-1.595623074	-0.9484592923	0.2697958261	-0.1021675775	1.734176255	-1.483372474	-0.3778461447	0.6116519259	-0.07080628588	-0.08313960052	-2.926844433	-0.7064576337	1.180576975	0.6578443479	0.5846708308	-0.7667980679	0.6088485438	-0.02995086362	0.05805792324	-1.910483673	-0.6947203123	-1.255811779	0.4349623395	0.006749624348	-0.4475134023	
-0.6650573747	0.6357704625	-2.107851612	-0.2304388465	1.318819678	0.05811764876	-1.01363127	0.2496837036	-0.7077207452	0.8079313402	-0.09867599136	-0.1951971027	0.7624735654	0.2066432844	-0.5038083696	-1.990012611	-0.2367796442	-0.791459009	0.8083003658	-0.5300587426	-1.341184375	-0.6044244822	-0.8823649315	0.6882219122	-1.367911157	0.2019083994	-0.9386654676	1.153701409	1.433271969	0.1787570423	
-0.615451517	-0.6876304925	-0.1833621799	-0.3422445799	1.282526185	0.3935897436	-0.3993652814	0.507711345	-1.012226347	0.4252997093	-0.7462663764	0.6717654935	-0.8411187829	0.993253355	0.1024443062	-0.4104142879	-0.702659729	0.590452436	0.8976886122	-0.1630793499	-0.9463232666	-0.9469548862	-2.29747009	0.1208743968	-1.083934764	0.4545413643	-1.006636621	-0.195364088	0.5863841817	-0.6319027123	
-0.8240606754	-0.7709450404	0.2879767743	-0.4988146799	0.8852551591	-1.207903553	0.7648126923	0.9476806869	-0.9456604925	0.9185825133	-0.5455645578	1.447022878	-0.3015159055	0.9154027495	1.000681911	0.1248353299	-0.5525644971	1.426684211	0.4955333389	-0.4864434719	-0.478952237	1.810392231	-1.412563274	-0.3224875904	-1.44306496	0.5905244446	-1.009966293	-0.7985690968	-1.052673012	-0.323003136	
-0.8590377856	-0.7940490266	-1.080369695	-0.2601783272	-1.216645203	1.354486907	-0.1572653128	-0.538087352	0.5167331789	1.361803652	0.199294229	0.8369457849	0.5347918608	1.250062727	1.005783523	-1.889349551	0.5853860289	0.9672470334	0.2983194426	-1.860475234	-1.201851337	0.4578046291	-0.5293064294	-0.9832354355	-1.675925122	0.00098360685	-1.656292053	-0.4316458183	-1.066078149	1.092568809	
-0.6063937686	-0.1424210056	-0.6827846075	-0.3990673611	-1.505326898	0.5784123617	-0.9905074775	0.5678598859	0.360259343	1.491312907	-2.400197762	-0.3545745941	-0.6002772526	1.513630136	-0.004509027836	-1.539610994	-0.1304899522	1.801614772	0.4670285748	-0.3522843039	-0.08568241762	-0.864046341	0.6319275906	-0.7897494574	-0.8137848831	-0.9535741853	-0.9998225419	0.08787721653	-0.2279556254	-0.2299231611	
-1.015103824	-0.1936883899	-0.9787023573	-0.3767015494	0.2639409639	-1.386643172	-1.520732743	0.9432211087	-0.2805151675	1.058451947	-1.007689782	-0.9665576605	0.855472688	0.9921498455	0.4895344275	-0.3919092515	0.1030866732	1.246574095	0.3969434894	1.121365297	-1.089660368	0.7246229725	0.6551060952	-1.262013925	0.3931823711	-1.1601242	-2.015414008	0.1747796487	-0.8108043405	0.5528964491	
-0.6069422416	1.416461892	-1.746791739	-0.673989648	0.6972911792	0.8251910859	-0.2075099364	0.4404052078	-0.9717493431	0.1894243058	-0.4741487364	-0.9317979991	0.2737239753	1.111333735	0.08960096441	0.4417019889	0.6592481882	0.343696338	-0.1018040614	-0.7199762897	-1.339538209	0.1170905969	-0.7046882482	-1.829002913	0.8095521646	-0.5627773482	-0.8839686907	-0.2619191122	0.1562356166	-0.7229476407	
-0.4997019698	-0.01764420989	-0.2750627726	-0.3283796419	1.312458707	0.07659040889	0.1831555882	0.6660246775	-0.7128980236	0.281674856	-1.281023675	0.8281175974	-1.001883071	-0.4690536486	-0.7428675279	1.266930896	-0.2077075574	0.6277013073	0.4346677234	-0.3636626264	0.1669337407	-1.60836574	-2.087732765	-1.629977855	0.8296516535	0.8308750333	-0.5094119051	-0.2550027616	2.337370767	0.7226081833	
-0.654447337	-1.009501579	0.6380124802	-0.3859255836	-0.7880547664	-1.214191395	0.8901966303	0.5055534809	-0.07719817936	0.4008199673	-0.6907126094	1.443267957	-0.07481323583	-0.66467021	-0.7465551188	0.8629382791	0.146759252	-0.1994089422	0.3389098307	-0.9822008717	-0.3891694936	1.577851476	-0.8912517025	-0.7577210906	-0.5693822517	1.006106534	-1.550006394	-0.2316800376	0.3267272615	0.433132905	
-0.5598715102	-1.138814196	-1.650351442	-0.2204557355	-1.19189318	0.853755208	0.02235176894	0.3779381492	1.01086505	0.6815194623	-0.1520030774	-0.02695196814	1.15622285	0.8550686245	0.2828542685	0.3110062978	1.063863634	-0.772170146	0.6611670342	-0.5310477579	-0.9677516213	0.627691885	-0.2201447625	0.1203355366	-1.284132502	0.4113597144	-1.644202909	-0.6517326314	-1.191091375	-1.754234502	
-0.2074137985	0.05032398372	-0.9161983074	-0.4428420703	0.1877752575	0.8672595985	-0.8473478362	1.36018675	0.5582888215	0.941033543	-0.9104091491	-0.7751179174	-0.741120074	0.4356549133	0.6473247211	-0.1050945502	0.596828694	0.9372851929	1.213745105	1.079384364	-0.5982017505	0.207467062	-1.398049135	0.8808758509	-0.3005969996	-1.185586092	-1.052189591	-1.359854956	-1.713222864	-0.7639092661	
-0.4734001021	1.820068898	-0.01857287936	-0.2610846626	0.7274544066	-0.5671692597	-0.4274656874	1.363243367	-0.8739824684	0.8534540081	-2.100705641	-0.5219395301	-0.5762370116	0.6395963923	0.4188366996	-0.2238405967	0.4829732307	1.172933111	1.06202565	-0.8136512915	-0.1580079059	0.3445847332	-1.131402858	1.11900882	0.002628641154	-0.4060349746	-0.5908515759	-0.9722639721	0.09609330697	0.8667267356	
-0.5933478551	-0.5898050727	-1.223401596	0.07516305558	1.592174489	-0.9107197441	0.6673157528	0.8838814425	-0.5959804794	0.1225486237	0.2984488065	0.8278633125	-0.07037461956	1.0257348	0.2358281833	0.6447015872	0.4694394987	1.151457864	0.6289363056	-0.6408997961	0.01265188463	0.2931664312	-0.5858204479	0.8792520972	-0.2746911109	0.9782116904	-1.812924452	-0.6498956467	0.7885164629	-0.1197440669	
-0.5368974286	-1.315606717	-0.7735014498	0.2657956675	-0.6070416527	2.03385779	0.9520273205	0.0006443065818	0.4530808243	-1.080102314	0.132161388	1.162519372	0.09136336986	0.7171461447	-0.2869876417	0.6989017378	1.136092444	1.227833658	0.3019954526	-1.751215305	-0.4771335107	1.053328249	-0.48048366	0.1758487782	0.07542506632	0.02499270092	-1.901405695	-0.4973876344	0.5585340623	0.8209516003	
-0.8622355898	-0.3523943965	0.7771991252	0.234973461	-1.129887631	0.7091290985	0.804418407	0.04206159138	1.741877141	-1.633864497	-1.343482718	-0.1836611515	0.5450873124	0.5344545245	-0.06683704638	1.615770311	0.5888503004	2.013403333	-0.08373502223	-0.6019280772	0.33919075	-0.6575277576	0.619286231	-0.8961446582	-0.04227646984	-0.1545466501	-1.893727506	-1.33463313	1.250518396	-1.824985349	
-0.6866314974	0.1456456831	-0.7163368982	0.1703249331	-0.1637189796	-0.6702776909	-0.6033922352	0.3569971066	1.787768847	-2.285944584	0.1763745506	-0.6194517681	0.2931309205	0.2954084435	0.3653489765	1.612541092	0.5259543814	0.9377643085	-0.06641517318	0.8489258118	-0.4274894201	1.246177388	0.8244840023	-0.591582992	-0.7780354244	-0.1438983957	-2.494232391	-1.480767231	1.110689192	0.1064498614	
-0.3259282999	2.31678625	-1.243983358	-0.1154799855	0.7820770704	0.7436037654	-0.884448159	0.645332864	0.3562859299	-1.939505689	-0.7064207861	0.2431191014	-1.427745988	1.416848292	0.8321912401	1.041201137	0.2081001398	0.2593726387	0.2774694538	-0.2339665927	-0.2805481885	-0.1708337688	-0.302506396	-0.1910063474	-0.6636128009	-0.4501257381	-1.222265355	-1.003070269	0.2743403217	-0.851042078	
-0.685560422	-0.3337409076	0.1186185531	0.148255778	0.4987790507	0.01439059466	-0.4867906661	0.8518373411	-0.9808392931	-1.225115672	-1.58807902	1.91816971	-1.457742981	1.702736806	0.9347936494	0.6185972237	0.1937946076	1.198987988	-0.7568435138	-0.6592675673	0.01176211882	0.4560828517	0.6003492068	-0.3239211845	-0.4550746729	-0.7876408087	-1.057576127	-0.7821874234	-0.9330404163	1.350239607	
-0.4306080073	-0.9644784487	-1.654575543	0.2156370457	-1.79074707	-1.196646255	-0.5857047058	0.8104386198	-0.5796553054	-0.9401011888	-1.112446379	0.4915930729	-0.3750685619	1.95040935	1.007571394	0.7767177005	0.5942717129	1.568241068	0.1149824191	-0.4637049728	-0.1665592257	1.096978049	-0.1163907666	-0.7246908915	-0.9312682728	-0.4122915041	-1.275747952	-1.595251385	-0.2054500851	-1.800577323	
-0.1471308758	-0.9767599702	-1.746186335	0.4422890433	0.05224921396	0.8778092466	-0.7183044196	1.279543962	-0.1942131468	-0.2626922284	-0.9299164373	-0.7303567969	-0.8306711489	1.289983572	0.8630304171	0.5298402007	1.042176047	1.514698315	0.7662980354	0.9606240448	-0.5120007769	0.3363931227	-1.910512216	0.2627610728	-0.9515573718	-0.5439500374	-0.9723039058	-0.9353646934	-0.1702603734	-0.4948199887	
-0.803767569	0.2575936759	0.5000766262	0.795859084	0.6896333788	0.6395856078	-0.3478333864	0.6691219169	-0.1745768145	0.4477052414	-1.118021407	-1.247620016	0.4948406159	0.6839113866	0.1764818211	0.019113747	0.7827035477	1.437838808	0.5583299354	-0.1440901944	0.1154194947	0.6454104074	-2.208370576	0.8657661929	0.1491344623	-0.1417882279	-1.859845253	-0.03790650088	0.6111925376	0.8133364569	
-0.3038632166	0.5847810491	-1.086906838	0.7818960149	1.556289728	-1.258644426	-0.2357998037	1.282742182	0.4391137981	0.6683566881	0.1655457932	0.5383917504	-0.2526915576	0.3191147477	0.1516458875	0.2690886114	0.2881870894	1.186308942	-0.05345486916	-0.43596331	0.1430234286	0.03875224858	-1.350157877	1.706069189	-0.2415505351	1.59942788	-1.725324569	-0.3404753001	-0.3725158766	-0.9292614223	
-0.2457902971	-0.8121515577	-0.7164849021	0.6720587333	-0.5845372786	1.093672131	-1.00998139	0.6078877726	0.1939011494	0.1331377055	-0.1031866133	1.454159289	-1.027461438	0.7043164616	0.03151954056	-0.01552043131	0.357703916	1.508816937	-0.8785440556	-2.115518682	-0.3439629894	0.6461305986	-0.3077193873	1.476614609	-0.1413527599	0.3035233496	-1.079953315	-0.7795598165	-0.2626184496	0.9190565582	
-0.5759451277	-0.366275448	-0.04017164188	0.5114714604	-1.203863761	0.7373032582	-0.4797767087	0.473335166	0.1589555206	0.05618271611	-1.766589509	0.07388553582	-1.139892054	-0.166512369	-0.7224835451	1.017393491	0.06026033429	2.05383096	-0.2659420125	-0.381493392	0.6966188597	-0.2860912661	1.366331488	0.2555697053	-0.05480823282	0.03267816948	-1.461499022	-0.2067085213	0.8936732616	-0.8377157323	
-0.4158379343	0.6064218934	-0.5937351853	0.3345445462	0.09339603959	-1.694308231	-0.6020940826	0.8157752485	0.8888831539	0.5792976651	-0.2380899844	-0.9105983341	-1.051251541	-0.8922024675	-0.6264863273	1.177141396	-0.3522294605	0.6830779011	0.1489714325	0.6960489389	0.3020218911	0.8604229704	1.027240644	-0.1447211297	0.2666315303	0.1410849807	-2.364227466	0.2935449312	-0.04529376215	0.7953734422	
-0.09291449968	2.360568471	-1.699908388	0.5904565783	0.905692808	0.7238512319	-0.7580519482	0.2293863882	0.3120545514	0.9120215135	-0.5148578895	0.4414947021	-1.005075457	0.1049934361	0.1344517668	-0.329287989	0.2582908072	-0.7819586235	-1.097789058	-0.4236751952	-0.1396904051	-0.5548612635	-0.2898578174	-0.2306075838	-0.3233467576	-0.01369028654	-1.290601702	-0.118430507	-0.02838266178	-0.372898184	
-0.3452325246	-0.5301131823	-0.4140302514	0.5615574345	0.7987698542	0.4704612428	-0.7727028668	0.1655269915	-0.8341448409	0.9568292759	-2.098576286	1.886451424	-1.037488926	-0.03922109714	0.02343030168	-0.4598298792	0.5564102194	0.3579544593	-1.561803781	-0.1482602261	-0.1071019116	0.5238740973	-0.3954914352	-0.4116427292	0.4112816281	-0.660751641	-1.045765272	-0.4251870649	0.1779567071	0.9410972007	
-0.396620834	-1.102644003	-0.6624125832	0.7939031992	-1.59680937	-1.145763962	0.472489683	-0.2866717705	-0.9869338144	0.7750151924	-0.9864341795	-0.1544464381	0.2529775569	-1.370346707	-0.7096461195	0.611687589	0.375468653	0.006623354541	-1.481228718	-1.328424908	0.02056906479	1.555512969	-0.9290956365	0.1692348681	0.911114003	0.910014697	-2.24805398	0.06678038332	1.640276592	0.2887085063	
0.03683920949	-1.202562412	-1.19909784	0.5323370322	-0.5498900979	0.763217003	1.19975315	0.2423319566	0.6277753079	0.8746715773	-0.3607473654	-1.254568241	-0.9646262274	-0.9920235244	-1.042894446	1.881302933	0.1177884812	-0.2583709146	-0.4814500145	0.5461398277	0.33253537	-0.551812839	-0.8688518677	1.295246942	0.2343872804	1.203465113	-1.241336828	0.3838062598	0.1930681053	0.3959633869	
-0.230458785	1.089089794	0.2978267752	0.9436644269	0.287204774	0.2659269443	0.07376057397	0.1214943495	1.584006752	1.389046984	-0.8122635092	-0.9402231186	-1.569267121	-0.1351979918	-0.9741470899	1.173430384	-0.3743957194	0.4073800741	-0.2210709369	0.07566123825	1.144822834	-0.5870221386	-1.285501704	2.120144875	0.8752627875	-0.3766412875	-1.175467892	0.0562187892	0.1582218462	1.430508864	
-0.2599493751	1.57807098	-0.5802533864	0.6530220323	1.353942466	-1.861886288	-0.8454446778	-0.2216600379	0.4917799628	0.7492837878	-0.9949585579	0.5422611277	-0.5182032144	-0.4186896178	-0.3261314598	0.3073659607	0.2892134328	0.31959369	-0.5956249103	-0.4198552047	0.4938403373	-0.1354005695	-0.3647796483	2.358608762	0.1487417191	0.2775735648	-1.218944196	0.7384846828	0.1059559238	-0.853678682	
-0.1291892839	-0.5866249485	-1.020441956	0.5208304929	0.09758263903	0.5474070882	-0.5333616562	-0.9098740843	-0.001517918658	0.4123014853	0.2149505615	1.539101656	-1.443954895	-0.8253281774	-0.5204810748	0.02108507272	0.5838790666	0.3403798418	-1.822978386	-0.9506345603	0.09487954365	0.2827913419	0.3257409857	1.347219047	0.004389847371	0.4320355814	-0.735305144	1.383125651	0.2328767328	1.573358828	
-0.7005747301	-0.9036070213	-0.0741347489	0.2005276186	-1.233143454	1.030111235	0.5612294869	-1.151991043	-0.002418288002	0.3539429324	-1.558719365	-0.07213710542	-0.7000061722	-0.7561146472	-1.036546276	1.206481482	0.8531499953	-0.1641173548	-1.344729586	-0.41311436	0.6091348441	0.08608887615	0.8092632275	-0.1972468085	1.133966868	-0.6497229654	-1.134059674	1.154384251	0.9531663409	-0.4336698834	
-0.7925120075	-0.7549647371	-0.2709844859	0.2077424224	-0.04820366385	-1.144676239	-0.01279538599	-0.6469456887	0.6425981188	0.94871349	-0.727299095	-1.052388635	0.4391808099	-0.08315014302	-0.401103682	0.8792793965	1.207259526	-0.8779007152	-0.5575656559	1.55526136	0.1423157524	0.9221209185	0.363860816	0.09289853224	0.6913854833	-0.103494545	-1.737283913	0.5192504971	-1.017074228	0.5554519468	
-0.05799189903	1.477678561	-1.475871985	0.1942378837	0.3314036758	0.3279023779	-0.4503152043	-0.9071303301	0.5323841584	0.9714237266	-0.1729013116	-0.9155118855	-1.114179947	0.8353958927	-0.335794279	-0.03268256513	0.8808388669	-0.5473166686	-0.6156503576	-0.2127841204	0.3009592239	0.181478437	-1.311964389	0.8701217652	-0.1061269922	-0.02353968112	-0.2473767628	-0.4487259911	0.1573603402	1.375061075	
-0.7854921369	0.4995642586	0.09375212729	0.5147311724	1.594672771	0.5767350564	0.5477916596	-1.703183059	-0.5264437689	0.7786885554	-1.826531654	0.4235565299	0.2867849533	0.3142204714	-0.1189664851	0.224078938	1.42178681	0.1624406716	-0.69269622	0.1166036378	0.8245815685	-1.370397143	-1.528211327	-0.02031266604	-0.2846734005	-0.2752331648	-0.1653724491	-0.4765885892	1.15559359	0.4422853172	
-0.7068278035	-0.9966175214	-0.004452253744	-0.007471762306	0.008975733733	-1.950483459	0.9697150815	-1.102692535	-0.3268037657	1.098780684	-0.3174385731	1.43414115	-0.4413174653	0.119913664	0.1089853558	0.2264925857	0.9215789284	0.1481637494	-0.3884198262	-0.225265164	0.5506483371	2.082174398	-0.5764723287	-0.4162174615	0.07641932245	0.4631237298	-0.3472581191	-0.8559693559	0.27046304	0.5095660492	
-0.4247275333	-1.147786863	-1.409246195	0.4439130244	-1.047265131	0.9245177303	0.7777981212	-1.256473469	0.8186400655	1.297099718	-0.1362190212	0.04077421333	-1.072996495	0.7713564541	0.1743048006	0.4047774737	1.059662387	-0.2792768488	-0.6749122018	-0.4578085939	0.347875137	0.7775459282	-0.225393461	0.2776627123	-1.117545458	-0.2929543349	0.01245632931	-0.7325376806	0.2214316677	-0.8141470169	
-0.5933184234	-0.2974160063	0.1119182042	-1.334055538	0.1257811911	0.2259661125	-0.6356351273	-1.458794496	1.051389806	0.6438974724	-1.997927678	-0.8675539694	-0.1139134511	0.3000878703	0.4453010275	0.556314721	1.869386091	0.4772628986	-0.3753296913	1.324110085	1.132825502	0.1425643845	-0.2318454415	2.081612432	-0.9701600208	-0.1977336469	0.1254455925	-0.05068496189	-0.8628050468	0.7585542134	
0.134223868	0.6801705734	-0.8445548658	-3.41640745	1.00183066	-1.11465818	-0.877238036	-0.6363256004	0.6222068971	-0.04417123089	0.5093130939	-1.718814705	-1.04384918	0.2998722935	-0.4305665147	-0.8621742236	1.064875606	0.7081047658	0.5029270497	0.1416896054	0.8683687047	0.6866776882	0.7023788183	2.149030017	0.7635163053	0.8339948738	0.2517029865	0.4095393729	-1.048939076	0.5146224199	
0.2104571216	1.467686315	-0.9721206536	-1.045475122	1.017817098	0.6562401372	1.323528738	0.1390203039	0.4615648986	-0.4819898309	-0.4163958053	0.4731313729	-0.9264612753	-0.8868420509	-1.231704842	-1.661293226	-0.1687908301	0.3192159736	0.9841034172	-0.01438911308	0.1995911182	-1.465791642	-0.7053835103	0.5832390869	1.555018587	0.6717033568	-0.3126546521	1.156824096	-0.6321678392	-0.1908391503	
-0.1305700774	-0.8065181405	1.197105174	0.06981394254	1.444077649	-1.081284847	2.945256414	0.3175229098	0.7930449925	-0.4943537442	-0.3985826345	1.409497991	-2.015218041	-1.919887333	-0.9941611263	-1.427088496	-0.8153728711	0.3320723914	0.7301153163	0.5491631727	0.4813092494	1.469766572	0.08033173095	-0.5494742139	1.432973108	1.073493222	-0.8067355297	-0.5485714533	0.0816940629	-0.8451295211	
-0.1710164117	-1.368189776	-0.6562393541	0.4847908618	-0.6171477633	0.558849131	3.133018963	-0.3255616112	1.848077035	-1.022425011	1.541237696	0.6523199448	-0.4045891782	-1.952671159	-0.6892057414	-0.2635028541	-0.518736114	-1.225065687	0.638753179	-1.038102018	-0.3514681453	1.723744415	-0.9539736838	-0.7073414866	1.235128676	0.9237948824	-1.103592875	0.01619823517	1.167288867	0.433703139	
-0.01449339889	-0.6000510584	0.4759669556	0.5083011424	-1.300159668	1.011345527	1.922119158	-0.5992784906	2.816409239	-0.1418699641	-0.01402861137	0.05842402743	-0.9280128419	-0.9654929598	-0.6360156927	1.229753483	-0.7232155987	-0.7471974522	0.7121037928	-1.103059944	0.2530861578	0.6638923568	-0.9694139605	-0.9449451595	0.8366844942	0.2781663816	-0.1798435763	0.6132060645	1.395104853	-1.555789895	
0.1164065475	0.174417133	0.5125393759	0.5583234516	-0.3583546507	-1.492268111	-0.6117833849	-0.02958794053	2.727838318	0.5195181894	-0.89775107	-0.2847733467	-0.4812700129	-1.122243437	-0.1570540304	1.485159256	-1.040801746	0.3708110596	-0.9081511343	1.169213354	0.7805703479	0.5369851542	-0.8591361401	0.1804599672	-1.256554389	0.4126593697	-0.1574634199	1.298826592	-1.132856085	-0.6092981708	
-0.315079774	1.106018562	-1.230442515	0.5916841531	0.3814422856	0.6235228878	-1.169618776	-1.159092937	0.9391353262	-0.05234130249	0.5183664202	-0.4490638122	0.6628026926	-0.2937993071	0.2544967458	0.3146484241	-0.1863562204	-0.786088739	-3.199058795	0.8926043589	-0.1793804022	0.155708723	0.4244098943	0.9787084309	-0.7681250696	0.8803654325	-0.7815478003	1.597279703	-1.139634871	0.4266859733	
-0.2191087666	1.469408951	-0.9680397536	0.5397224424	1.162226059	1.282445514	-0.2489895138	-0.6291376075	-0.6207078722	-0.5705575003	-1.016798242	0.1425287002	-0.4147718671	-0.4842272941	-0.4746688827	-0.0254249346	-0.4539117093	-0.8539558494	-1.442914198	-0.08337917048	0.1174467941	-0.188806305	0.233105076	-1.556955012	0.2010066297	0.4276336701	-0.395363897	1.377642686	0.7576130476	-0.7093137134	
-0.539419293	-0.9632216074	0.7594163071	1.01838552	1.619426132	-0.2242748917	-0.1566859617	-0.7386351563	-0.8220643492	-0.7648832787	-1.403849983	1.079340381	0.5131711777	-0.5190325352	0.07557820699	0.2588930158	-0.1501088848	-0.8679033402	0.6430499601	0.2593559981	-0.211866476	-0.06023388154	-0.04687770426	-2.275471407	-0.01537001085	0.8026678357	-1.116311341	0.4071381007	0.04956612984	-0.2072798695	
-0.01000646895	-1.122113236	-0.9062334969	0.4604630505	-0.9192735434	-0.1968503205	-0.5863192267	-0.5321035591	0.02117666895	-0.7400320085	0.5884354422	0.9422667355	-0.9803777742	0.5575244114	0.3487312524	0.2024177437	-0.9029198469	-0.3809171188	0.5222810664	-2.026692033	0.1197352939	1.277174494	-0.07050011731	-1.510191715	-0.726724642	0.4048345633	-0.7642188547	-0.3402077658	-0.02867829998	0.001254164786	
0.0949595293	-0.4305330015	-0.9146430504	0.3675447098	-1.374871927	0.5939753994	-1.413385839	-0.1852517737	0.5468934005	-1.328968296	-0.6970588354	-0.2265881187	-1.026798025	1.703425315	1.235532257	0.5094333457	-0.9080978682	1.154766213	-0.2104637168	0.1512343973	0.9665529833	-0.293588206	-0.2242336962	-1.588103047	-1.18573642	-0.3756986003	-0.7449013039	-0.7114644915	-1.482873304	-0.732603361	
-0.1246971003	0.6741626138	-0.4194554165	0.5729019863	0.6216295801	-1.09639829	-1.214881859	0.3897383257	-1.156237782	-1.859551195	-1.65938051	-1.14696752	-0.5407356292	0.605644611	1.350955007	0.1358712587	-1.179217134	1.347236584	-0.4137806202	0.2791639244	1.022332819	0.9747250964	-0.1919186265	-1.060371379	0.7859535269	-0.238443906	-0.5538550243	0.2094780403	-1.316659471	-0.4052966629	
0.004897511418	0.003158904368	-1.8877907	0.6660243691	1.262188776	0.4039582651	-0.8716875087	-0.6218495065	-1.285457516	-1.575333916	0.4804576335	0.3727137489	0.04584341318	-0.5738529036	0.1036044946	-0.07031566795	-0.9332633705	-0.3274191913	0.5234915611	-0.3669413629	0.1234562562	-0.4478479259	-0.9857806495	-0.4319066354	1.635347595	0.4335145154	-0.6888544809	1.054317613	0.4160432742	0.3323704659	
-0.01173625302	-1.440037709	0.5337946894	0.6018243202	-0.458293558	0.9385784857	-0.5171197394	-1.030783553	-0.7798830752	0.05931894316	-0.2174993344	0.9446308535	-0.8115781217	-0.848672539	-1.393160832	-0.8419161136	-1.082549596	-0.6183232593	0.7222982944	-0.8151260695	0.1399020019	0.7918849352	-0.7381892425	-0.2659338961	1.264719736	-0.318664045	-0.3422710556	0.9173692845	0.03481571705	0.4898577516	
0.1538425689	-1.212722204	-0.552206352	0.7854205097	-1.419989445	-1.432793455	-0.5433386782	-0.6191450561	-0.1455178265	1.298454921	-0.5842124235	-0.848073673	0.2919858501	-0.2118771391	-0.9103903311	0.1933960035	-1.144577206	-1.053200639	0.8926681871	-0.5113084873	0.7273246529	-0.07869028758	0.2951471455	-0.03571815172	0.4451631535	1.231723706	-0.2827073896	0.8881309401	-0.2712845149	-0.9624557905	
0.4195454008	-0.7799150884	-1.067003674	0.6968245685	0.3532481931	1.041221567	-0.633702296	0.2858320312	0.2831923734	0.8110272236	-0.4899220276	-1.292168048	-0.7355541975	-0.05140478162	-0.202894107	0.6135500257	-1.075749945	-0.2409607082	0.4805855829	1.591509197	0.3192793662	-0.236125265	0.07702721992	-1.213348672	0.003739731141	0.7574505093	0.8662255684	-0.3812951641	-1.420917516	0.9172425197	
0.1084743507	1.649166756	1.293026015	0.9249057936	0.9044832845	-0.1087627578	-0.8854362646	-0.169902313	0.2494787239	-0.581876504	-0.7021224668	-1.384688614	-0.8965187739	-0.3227960998	0.6870409858	-0.5514585178	-1.240052416	-0.0634788138	-0.1750128326	-0.03844520393	0.9031626077	0.3693693296	0.6755981941	-1.756437179	-0.2894118854	1.532572446	-0.5440053408	-1.021777031	0.3891484941	0.6004406503	
-0.009163973933	-0.2315813128	-1.062352285	0.8348119229	2.010175225	0.4105261872	-0.6888270642	-0.6825603201	0.3344375035	-1.384653034	0.8135985447	0.7008874513	0.4718835478	0.1892079188	1.893703916	-0.709307817	-0.2432406085	-1.520950788	-0.3899429975	-0.009279983553	0.05959891732	0.6082231292	1.312531938	-0.5757612572	-0.6726689546	1.143297424	-0.9235047667	0.004876724767	0.07106789956	-0.4161456952	
0.2683082905	-1.054409938	-0.3231951495	0.8695662454	-0.6772904942	0.96365562	-0.627955946	-0.5588385812	0.1524011505	-0.8907016322	-0.4178064038	1.462755209	-1.516820009	-0.6392475073	0.7132054982	-1.146043594	-0.6001442449	-0.1727630092	0.01989380504	-1.311752993	0.6173800615	0.7427390822	0.1783474748	0.1792421278	-0.1653528004	-0.9519450074	-0.2639940877	1.127667979	-0.8234086346	1.73470698	
0.2252780183	-0.8383328308	0.4722705582	0.8866789355	-0.6786848794	-0.6337944434	0.5754413544	-0.1741003829	-0.07026418212	0.02927614514	-1.904720916	-0.6510412468	-0.4960212055	-0.9937176855	-0.3356130061	0.1252295111	-0.7253977896	0.2152286922	-0.3266159591	-0.4962158995	0.7498476601	0.7023643477	0.9098757787	-0.01117820369	-0.09844597784	0.05661909472	0.2212709287	1.21611254	-0.2010802581	-1.879225636	
0.1151998869	-0.5180110397	-1.484339017	0.8246229937	0.308685057	-0.3503265807	-0.4369926287	-0.3233626327	0.8725615252	0.4995808035	0.2514155401	-1.000534554	1.337259122	-0.8917630285	-0.8511267365	0.5647525781	-0.2626344356	-0.8891344135	-1.008406532	0.9686414251	-0.02776109256	1.150418008	-0.03291932836	0.05031769418	-0.1309881227	0.2101918107	-0.1721717401	1.586825802	-0.6546685645	0.4911794692	
0.2610527232	0.8262209647	-0.3828921368	0.8844437453	1.011486183	1.086198926	-0.6213335143	-0.7183199903	0.1539393309	-0.07252232396	-0.716186029	-1.316912951	0.001769289541	-0.5066033634	-1.022586926	0.4095265396	-0.4324928987	-1.331342644	-1.159243163	0.1061424222	0.1325648138	0.6495144625	-0.5688208715	0.2531941897	0.8716102124	0.3353878692	0.3134757517	1.342052594	0.1404420379	0.06294102538	
0.3732157916	1.416117921	0.5959305218	0.8572537156	1.106533742	-0.669672997	-0.01383613679	-0.04185300334	-0.6707178944	-0.465012511	-1.137377498	-0.5138560612	-0.6330412266	-0.9145581774	-1.350544873	1.149746834	-1.289650289	-0.5648390998	-0.03089809144	-0.8286842464	1.361989424	-0.3419776953	-0.7018212022	-0.3981803717	1.046213877	1.203229562	-0.07937830561	1.000016453	0.5722711459	0.08925015876	
0.1662870887	-0.4212585229	-0.738037783	0.7880743533	1.943860179	-0.9833141551	-0.01084947268	-0.2998594396	0.3681966493	-1.053762714	0.8697246823	1.04853313	0.04759649324	-0.3073326392	-0.9162765557	0.7959143275	-1.157813495	-1.238748557	0.3011350782	-0.009957401325	1.040793786	0.1642165041	0.3995993456	-1.494393435	0.04283825782	1.33678539	-0.2565408558	-0.6637907059	1.045153222	-0.1306579355	
0.175187081	-1.101401508	-0.4361003698	0.8163249702	0.04642077893	1.212695682	-0.3214917214	-0.7480952108	0.5858154219	-1.040593563	0.1397133828	1.31319883	-0.4877372756	0.8777127903	-0.5138695248	-0.2580691084	-0.6530582432	-1.219704492	0.6590813897	-1.542219977	0.4364780286	1.072545101	0.08867423282	-1.261611556	-0.8973153164	-0.8055072321	0.4331581051	-1.400688185	0.556839859	0.8180403782	
0.2886794901	-0.6299532962	0.3545790509	0.964376509	-1.215346164	0.4045386695	-0.7456425648	-0.9627335966	-0.2291742393	-0.4326692274	-1.204250593	-0.1357387913	-0.549393725	0.8842598987	-0.6372471871	0.03409118881	-0.4729678819	0.03848620704	0.51745918	-1.114108091	0.5460846389	0.2123098286	0.5741256758	-0.1700473155	-1.65014717	-0.9955869361	0.3065653833	-1.220323572	1.044605474	-0.9402445954	
0.3034012786	-0.6181779027	-0.8023856839	0.8212237043	-0.0960055706	-1.690174863	-0.6562072966	0.454734611	-0.3406565664	-0.02627043321	-1.094600075	-0.5983646347	0.4576090244	-0.03639745519	-0.9714636488	0.2079710527	-1.008276478	-0.1910856115	0.3071710903	1.421572255	1.068905193	0.4120032778	0.3961645657	1.171922363	-2.046807576	-0.2879772513	0.3039818082	-0.55206115	-1.031758352	1.338462196	
0.1825949652	0.5669040373	-1.423436818	0.959998652	0.6497113591	0.9380471101	-0.8785204621	-0.4083751278	-0.4406757627	-0.4736665864	-0.02483565224	-1.078793801	0.8815909867	0.8700423328	-0.845170619	-0.2855844962	-0.02014036189	-1.120195144	-0.2276915171	0.3947234022	0.0419842726	0.2539107879	-0.4944464036	1.374904392	-1.025583074	-0.6190476981	0.121116371	-0.5416745325	-0.8227772519	1.529687335	
0.1939060165	0.21257115	-0.5361367489	1.071973077	1.4176056	0.8673371192	-0.3429869102	-0.6159025395	-1.180198658	0.05789047145	-1.364098354	0.1940754404	0.3397515288	0.7799654298	-0.5329554982	-0.6007240902	-0.07521213401	-0.9265525336	0.08909923238	-0.2243312341	0.6178007034	-0.8868694111	-1.632093139	1.311139255	-0.4760246549	-0.3180424922	0.2934350179	-0.3813572106	-0.7569293173	0.3736192908	
-0.1072601315	-1.14230034	0.6256132926	1.062798445	0.8791244015	-0.6579442238	-0.2328324477	-0.989637278	-1.432546002	0.4239679557	-1.180179997	1.129754346	1.202253093	0.1965467196	0.4293378985	-0.4663290856	0.3972267036	0.2563959034	-0.6658054443	-0.1630361224	0.3074514232	2.234365838	-1.220547595	0.6223847176	-0.6230050697	-0.06985185826	0.02528515194	-0.5550685204	-0.6775854045	0.07121483257	
0.3551043181	-1.263191902	-1.199762245	1.007670095	-0.9802604824	0.6465724971	0.04936552955	-1.461690466	-0.5261734154	0.6420015015	1.15665841	0.01354484331	1.051702888	0.08097480897	0.391254511	-0.3507088931	0.5808010018	0.1613645391	-0.6448961187	-1.651509696	-0.2760557096	1.546966639	-0.8196402297	-0.5534590735	-0.6272099851	0.2752963765	-0.164963995	0.1075021126	0.2276817745	0.9843873051	
0.5057773796	-0.9658631517	0.4121941608	0.8932589136	-0.8273689887	0.5866538964	0.4537444373	-0.5515332238	-0.113084191	1.186404468	-0.5392897954	-0.8314876796	-1.175312465	-0.2168724422	-0.3665342925	-0.5681658986	-0.4809306998	0.5479882687	0.5382453559	-1.030582323	0.7044857904	-0.3190555788	0.3605368464	-0.7113101983	0.2508758004	-0.07622192239	0.1598322658	0.4975244469	0.7235402875	-1.58869776	
0.07362081287	-0.6580803688	0.1690181403	1.112989917	-0.05220157354	-1.299396505	0.8960506065	0.07474070347	0.9393612305	1.552037213	-1.424580632	-1.114788361	1.095476532	-1.126923808	-0.3346015603	-1.26304158	-0.3488653912	-0.3558195664	1.159125292	0.8991296233	0.8374741665	0.7690407842	1.757703292	-0.9050988105	-0.04164388809	0.4060866806	0.08835250003	1.885023722	-0.8992743023	-0.7070955621	
0.2306151452	0.4576163395	-1.28579936	1.098770953	0.6357337424	0.7474787097	-0.5655467725	-0.4971043079	1.237864725	0.9964182137	0.2852184551	-0.9237271097	-0.4079481204	-0.6261338552	0.2053076484	-1.507718371	0.2269711594	-0.8517224776	0.9413703296	1.407107944	0.4415324839	1.017320021	0.9404571277	-0.4215679217	-0.7783131973	-0.3690081642	0.1059305027	0.9260840663	-0.3213061538	0.4271799996	
0.232956067	1.91503298	0.0375482375	0.9017121563	1.292286365	0.3833677409	-0.287202259	-0.4907042621	-0.333670972	0.4579067748	-1.181392728	-0.8439870257	-0.5206078683	-0.04770078795	0.001980688293	-0.06849776123	0.006289761366	-0.4244831155	-0.02627236297	-0.6758723954	0.8297751636	0.1586194461	-0.01300624234	0.0843249961	-1.695470213	-0.4074674728	0.9220332636	0.3412676642	0.5258852486	0.1515412599	
0.3279537343	0.02102681473	-0.1180965056	0.9567834195	1.91186855	-2.013834326	-0.3581677225	-0.3064226781	-0.4796461123	-0.0840561412	-0.6225036354	0.8208182214	0.3670851319	-0.9939950665	-0.1061887391	0.8941729776	-0.4082286096	-0.3048778963	-0.5193424386	-0.2461763267	1.168631162	0.05467620897	0.2924718777	-0.2875657275	-0.65890654	1.432155926	-0.03478405061	0.4453243182	1.338882416	0.2585903376	
0.3184301651	-0.9417585554	-0.9511788766	0.8335227309	-0.1543213804	0.872722201	0.2864196484	-1.025561304	-0.2132460355	0.3689619865	0.4346777303	1.377171689	0.07096688969	-1.09618122	-0.5932149063	0.3044316742	0.236308501	-1.365228759	-1.058522567	-1.257047939	0.2386599107	0.679060237	-0.2035397635	-1.04529589	0.130807401	0.5858260805	0.3404189985	0.3794512193	-0.5517156749	1.228720143	
0.2367740353	-0.5039664584	0.2275866397	0.9651435203	-1.541214925	0.7703617957	-0.2233864848	-1.304047416	-0.06335420972	0.9158266028	-1.017122781	0.196423677	0.3096276527	-0.590644189	-0.446215883	0.05952980141	0.5431568368	-0.4367228636	-1.416418734	-1.241307461	0.4439774029	0.4705906193	-0.5984695704	-1.070907942	0.4216750455	-0.4081440518	-0.03543394438	-0.8857299491	0.1422492586	-0.7042330207	
0.3070900225	-0.6838540856	-1.078820669	0.6552494724	-0.539603333	-1.32764385	0.2801596205	-0.2805425541	0.01190592395	0.1871040925	-0.8224922844	-0.9729105371	-0.02563169654	-0.7465850569	-0.7053661832	0.8825439944	-0.1414351364	-0.06168109951	-1.356593956	0.7096531296	1.03395156	0.8204442194	0.4364399303	-1.167077345	-0.4756989947	0.9901274086	0.730895923	-0.9044801854	0.3324113029	-1.383674832	
0.079988112	0.06634411374	-0.7898746025	0.947623998	-0.2577193636	1.90679767	0.5888342867	-1.27003607	0.9118969188	-1.375945588	-0.5187746998	-1.034004666	0.3620598711	-1.247338091	-0.6105603886	-0.7590085608	0.7562456697	-1.336920288	-0.6211584762	2.092904619	0.4874531796	0.04079886365	0.04920448268	-2.254189456	-0.6035583839	1.475731309	-0.1127921039	-0.7781633998	-0.2401371478	1.294186626	
-0.1117119566	1.930899122	0.881837815	0.7758933251	0.4666851585	-0.2993698421	0.2769822974	-0.4186609512	0.3608003892	-2.126186868	-2.061961033	-0.9056283807	-0.7142530065	-0.3382347337	0.9785143346	-1.939009155	0.2787600789	-1.531686948	0.4829582147	0.1933340683	1.205247924	0.5839449211	-0.1183965554	-1.473166478	-0.02009387438	0.07174000616	0.359609221	-1.056572774	0.154475005	0.9726867694	
0.01184404904	0.1076183353	-1.745907793	0.9550944283	1.199009627	-1.081623174	-0.1670340477	-0.6926575264	-0.08939113885	-2.488922315	-0.1416122744	0.6863228262	0.006745191451	-0.4986894577	2.205597619	-1.028540241	0.7608334558	-1.631595881	0.45552761	0.20350065	0.4414445746	-0.1672451012	-0.308531828	-0.9393089944	-0.05179587735	-0.07698570022	0.1216463245	-0.2885194849	1.247179289	-0.517738565	
0.1287854122	-1.186457633	-0.328800477	0.6779978353	1.328690025	1.252635491	0.1421407468	-1.507175903	-0.6898036988	-1.615946003	-0.8790577786	1.193730078	0.01297761387	-1.219763445	0.7835044307	0.2279352528	1.395680435	-0.8157404319	-0.2617233703	-0.1008520244	-0.08124955362	1.037285295	-0.7916660473	-1.386952343	0.2894007058	-0.6452374249	0.6329170217	0.1909576317	1.909784989	0.6881023375	
0.1811894487	-0.6484665293	0.7245432992	0.3792856582	-1.151087398	-0.9107530721	0.4717829804	-1.096677373	-0.01136030281	-0.6890294592	-1.00434778	0.614019364	-0.8117153024	-0.932348482	-1.262730525	1.086580508	0.2953527262	-0.3503888652	-1.148449189	-1.591204904	1.365423786	1.653476221	-0.4582108935	-1.395392413	-0.1372077975	0.3131468349	0.2521144078	0.02390573777	1.878513057	0.8521364154	
0.2475378638	-0.6109086237	-1.178385475	0.3718962908	-0.7734205257	-0.1350491941	0.4485241873	-1.023723089	0.5886757653	-1.498458737	0.2795903285	-0.4685692776	-0.3637977928	0.009521769682	-1.173611034	1.0077432	0.5737243003	-1.450961163	-1.584796046	0.8767564468	1.659266728	0.1639741668	0.7265512169	-1.281695533	-1.227295618	1.509946138	-0.232515675	-0.3932021276	-0.6728368953	-0.2913126986	
-0.06297719254	-0.06936682885	-0.005081720662	0.7824544163	0.08900182696	1.294553053	0.4694240507	-0.9379396113	-0.1961137116	-2.3396346	-0.9755710508	-1.057506587	0.07044919954	0.07074113905	0.09639342753	-0.2757453836	1.05854613	-1.74939228	-0.4571059619	1.846944152	1.49205832	0.1880285313	0.02776588165	-0.6806671569	0.03586179668	-0.2633973575	-0.5496054877	0.1121665476	-0.5500972446	1.534971711	
0.1010449392	1.135251831	-0.04521001757	0.7094021609	0.9991529775	-1.650774516	1.132437182	0.1214205896	-1.002014876	-1.780814994	-1.500061559	-0.6159403555	-0.04902060083	-0.09155350707	0.152956292	0.1514028513	0.136314921	-1.637661632	0.8207612391	-0.006401414192	1.593014856	0.7398515335	-0.1030968057	0.3629933145	1.194914099	0.4531751068	0.539258907	0.1899751886	-0.2252120615	-0.1853579796	
0.3610232287	-0.5853257222	-1.231186088	0.6957980801	1.282015304	0.4884726138	0.3306340006	-0.4940464441	0.01918810314	-0.8480337569	0.6806593689	1.031987627	-0.1557312105	0.5364096088	-0.5449560346	0.3699140671	0.2182914403	-1.403009866	0.2872666185	-0.1133591134	1.292157588	0.0223124501	-0.7843124957	0.304731752	0.6292462698	0.3114569512	0.417596664	-0.387401017	0.3186643485	0.4043486859	
0.0281454091	-1.16143078	0.5406116245	0.987876301	0.8541810371	1.097595616	-0.1664756467	-1.307994592	-0.4512415523	-0.1705728477	-0.513540417	1.312921474	0.01817069009	0.5952143741	-0.6526315263	0.6322432188	0.4875818025	-0.660744311	0.273736334	-0.3893225002	1.216540711	1.626028106	-0.4942666648	-0.05595844049	0.4004351717	-0.9725703572	0.3025721017	-0.4097376432	0.1700051184	1.507121524	
0.09427131641	-1.177466906	0.4587658087	1.244694684	-1.198371691	-0.7376879308	-0.5755050834	-1.31363232	-0.7491649026	0.4709930397	-0.5876172831	0.2037689962	1.128665078	-0.002438539994	0.01592081353	0.1683546248	0.3833098404	-0.4613729935	1.386255887	-1.345077792	1.045857595	2.022559133	-0.4985880287	0.1888962953	0.3120501431	-0.2340299196	-0.4410256522	0.332612382	0.04827927914	0.2345118302	
0.5094634422	-0.7273889942	-1.011395789	1.015946918	-1.269076434	0.8911461739	-0.3300576801	-1.362416864	0.1128171967	1.504319559	0.2099939108	-0.6345395206	-0.2189522552	0.03314247382	-0.1538349128	0.3897871892	-0.243370799	-0.01177260599	1.231966194	-0.7434479851	1.053394068	0.5340709208	0.4314662397	0.6481686514	-0.2832056546	-0.2362703449	0.6485133751	0.783493463	0.2310282972	-0.7691520157	
0.3159641139	-0.04691109575	-0.4023131915	1.011673092	-0.1552050882	1.306219031	-0.6857883737	-1.220446409	0.3677812532	1.624704062	-1.327783716	-0.6398364526	1.2896264	-0.568578155	-0.9374999071	0.6996696381	-0.3065136765	-0.02757044003	0.6692360641	0.9445034403	1.224581394	-0.413385284	0.8690692207	-0.2421232061	0.04847968153	-0.5515501066	0.9027409745	0.6720548265	-0.3894528514	-0.05977580931	
0.03186693122	0.6155151954	0.5442209546	0.9647245933	0.6832921544	-0.756388882	-0.9035733587	-0.9431867346	-0.212525674	0.9081387581	-0.8048127474	-1.349539405	1.561062288	-0.7102402391	-0.8060139632	0.2677531547	-0.6148649704	-0.3347370773	-0.0830808462	1.226327625	1.014272776	1.616629468	1.139521595	-0.9847261471	1.088464738	-0.3470517545	-0.150806758	0.44973576	-0.3169422351	0.7861331388	
0.4860933436	1.674599939	-1.617483506	0.5562940093	1.056068152	-0.04717834749	-0.5072963739	-0.8779070449	-0.2841480688	0.006448621889	0.4854212646	-0.8834746743	-0.0643558425	0.3660580735	-0.3668390254	0.9573489459	-1.043168331	-1.221706694	-0.4564693094	-0.5089299958	0.9222689739	0.79125172	-0.07332804825	-1.024047439	0.4026204156	-0.05584252363	1.147817038	0.3732238778	0.5198403656	0.766967454	
0.5412371642	0.7299009912	-0.3984091273	0.4539907383	1.057736252	0.4800010412	-0.534801209	-1.207839485	-0.6856103149	-0.1584524091	-0.8598193022	0.8690440804	-0.6210123826	0.8293508767	0.04526667328	0.6631075559	-1.32346009	-0.6477772097	-1.190520219	-0.3696478971	1.550741647	-1.269943698	-0.7424023462	-0.3288127588	-0.2987135034	0.1269715252	1.153133719	1.005748018	0.3061364277	0.02894786476	
0.2714664497	-0.6407184543	0.5045518809	0.5585134015	0.6322864362	-1.311134034	-0.3381722836	-0.8345357745	-1.477798064	0.1467299719	-1.206501136	1.487208196	-0.2430343348	0.1523775824	0.1964776392	0.5017806142	-1.261764431	-0.1962821829	-2.019719012	-0.6191299104	1.064401918	1.507351652	0.07411467929	0.5574257839	0.4255134952	-0.04457158796	0.7966527893	1.328902032	-0.8232715051	0.9982236857	
0.2253848647	-1.377878303	-1.339748565	0.6454722984	-1.226728948	1.060389037	-0.2725580119	-2.217787851	-1.261054423	-0.02539095078	0.3996697034	0.05544016095	1.829832383	-0.03822298546	-0.3215252925	0.1612574702	-0.02358765544	-1.202709864	-1.862306669	-0.9525324152	0.04157402655	1.68830343	0.1238746307	0.5846930357	1.479154713	-0.3466943813	-0.2884109622	1.446990551	-0.2998336864	0.1856193329	
0.3168866324	-1.236793359	-0.4661407986	0.677280115	-0.7846303964	1.542910603	-0.3391289116	-1.405893899	-0.6801968038	0.3669585024	-1.412033784	-1.164166935	1.418315929	0.7901385425	-0.1531431389	1.091922004	-0.511838317	-0.7678290509	-0.6863632154	0.4898288781	0.780920171	-0.002711499098	-0.3526210823	1.287373497	1.668769798	-0.4855855456	0.620146474	2.130942269	0.439755344	-0.6850697089	
0.3978867108	-0.7468093659	0.8998857939	0.529462967	0.2315184535	-0.5214392052	-0.8816401241	-0.3494441014	-0.4621084007	0.8745280255	-0.9524884027	-1.485889792	0.9170305014	0.6641229069	0.05852303168	1.547501365	-1.417935471	0.4584570489	-0.4489172995	1.352000565	1.201081083	0.7998910539	-0.639677076	1.821447327	2.197341071	-0.4926689054	0.41780696	1.937276366	-1.703557382	0.09847486584	
0.6600676112	-0.05798712651	-0.8454385836	0.8987617234	0.7179176513	-0.1465167979	-0.9132449022	-0.4470453724	-0.01377303807	1.354754228	1.487274136	-1.451311209	0.4544192983	0.3491131964	0.01499939878	1.193234913	-1.687332125	0.2029058663	-0.8239407002	0.7275675433	0.8411211359	1.265408151	-0.546751467	2.209645728	2.421709333	-0.08315693749	0.4760746226	2.042755619	-0.3655851865	0.3904448699	
0.622901408	1.405029277	0.09251770286	0.5543981722	1.358223525	1.178875223	0.1620658948	-1.412880787	0.4308189051	0.75212617	0.5656749242	-1.12381261	0.845142209	0.6305689853	-0.3239691341	1.044502526	-1.253390227	-0.02713050871	-0.4393510503	-0.3022993321	0.5071076871	0.07059800728	-0.1457650594	0.5720438338	1.428083578	-0.1113962964	1.019232133	0.5669906561	0.1939641439	0.5141663996	
0.5187144433	1.225936594	1.160201024	-0.9446115246	1.424084918	-0.923600531	0.6864824089	-1.170033092	-0.008270637186	-0.009148181593	-0.5559841674	0.08202701094	1.21286378	1.396866186	-0.5005120935	0.1011852266	-1.220993701	0.3677326765	0.8996783112	-0.4813452754	1.59087117	-1.036570757	0.6663539039	0.3489554407	0.5601421058	0.5639785694	0.8290980828	-0.7069873885	-1.703101739	0.08557806366	
0.5417001973	-0.7576332111	-0.4303119578	-0.7279037998	1.83083921	0.4993476158	1.908360103	-0.9757218356	-0.1691132659	-0.3369319473	1.311386701	1.123646775	0.9377418235	0.2445305748	-0.2345297393	-1.927265498	-1.173242682	-0.3470074913	1.099762808	-0.1855515215	0.3089883062	0.8611008961	1.815437508	0.3079794081	0.5227171789	-0.06409095433	0.4430585874	0.0264359111	-0.9200088693	0.03417204991	
0.6338800845	-0.7241639789	1.105573379	-0.3392907321	-0.3577285901	0.8767685589	3.146190991	-1.049576797	0.3715321513	-0.6052454944	0.4465788451	0.6121252192	-0.8085593166	-0.9661947743	-1.13019904	-1.982047163	-1.711752951	-0.11571171	0.9695424417	-1.195677281	0.5981264492	0.4547446652	1.625419727	0.01350596609	1.403338644	-0.01595234311	1.095766336	-0.08179104548	-0.1903090594	0.8296994203	
0.6175268558	-0.8176657011	1.165548273	0.1229302552	-1.08535827	-1.06047626	2.527405592	-0.3667878441	1.366287709	-1.319152411	-0.1356771617	-0.4088380664	0.5000780701	-1.008319673	-0.6319016241	-0.2173500897	-2.105268851	-0.7162123837	0.4349223949	0.5082688143	1.178671937	0.6234658222	1.004990987	0.3827684874	1.538316894	0.5808806043	0.8854782116	-0.8809326985	1.338960874	-2.704194643	
0.6023643697	-0.7108935758	-0.2053772488	0.1242907061	-0.210482018	0.325347623	0.661717681	-0.7137292135	2.099647813	-1.353189246	1.402702507	-0.7611908024	1.002612814	0.3549007357	0.593925111	0.5336640515	-1.245603883	-1.160811185	0.005893935663	1.775642857	0.776633973	-0.09405427952	-0.3987811418	0.775638465	0.5586915369	-0.170383838	1.180194392	-1.134525681	-0.2744296467	-0.9769389475	
0.6667566361	0.6371967923	0.4724779879	0.5863434011	-0.2865570048	0.8086979387	-1.429144063	-0.4797972413	0.9126026221	-0.9890293652	0.7430349123	-0.7821899247	0.8916141414	1.331348599	1.4330996	0.1481299467	-1.156485772	0.2507718266	0.02897377422	1.359403944	0.1534004337	-0.6273865099	-1.572812274	0.8724408019	0.8483312687	-1.372428862	1.105943102	-1.464314591	-1.739207032	0.6744681915	
0.6408993716	1.749883029	0.4517028715	0.3500524972	0.7248507842	-0.8658898592	-0.3278215894	0.205732693	-1.237083797	-0.8582827449	-0.9015105947	-0.8720295093	0.5019540383	1.838975799	1.122220136	0.3567640226	-1.253813217	1.5700539	-0.1699954277	0.2479228632	0.5649622768	1.622558009	-1.010345069	0.1944594601	0.6918381578	-1.177235008	2.419212875	-1.106062664	-1.750408639	-1.39022685	
0.6081078164	0.8434188852	-1.129932715	0.9116310031	1.067785198	-0.06664605482	0.5250989926	-0.9934040701	-0.859947888	-1.191601285	1.791028182	-0.4581939334	1.723734922	0.5311866636	0.3160862306	0.2466898727	-1.389285087	0.8935622216	-0.3983345051	0.1042152796	0.10925534	-0.5239353994	-0.9844993252	-0.6558605774	0.3090010324	0.9516502588	1.033550726	0.3215765644	0.7863362785	0.5979260519	
0.7158982619	0.3952975309	0.5973975142	0.9495939816	1.482626259	1.368248348	0.7257655127	-1.309110784	-0.2798493174	-1.481482052	0.3186185856	0.7843301468	0.251403895	-0.0769784546	-0.584455073	0.4845566437	-1.274869112	0.02777410826	-0.04328336529	0.25658393	0.4589669163	-0.8407193806	0.05642389195	-1.86659511	-0.2726533459	1.575863285	1.474042164	0.4272675952	1.910729212	0.3042943112	
0.439924193	-0.2706518195	1.349977664	0.5606534984	-0.672296726	-1.316425014	-0.01383962144	-0.5055404807	-0.1140546302	-0.9264811153	0.08877311077	1.811652106	-0.04696286409	-0.1743663859	-0.3679410526	0.08651971325	-1.341574926	-0.6091437667	0.5488981314	-0.8590227509	0.4492388235	1.526644317	0.9696843036	-1.908175224	-1.054466935	-0.349430782	1.108406221	0.2138358635	-1.218863198	1.491260947	
0.6930019021	-0.6202115189	-0.8715917041	0.4674748785	-1.713875124	0.8159012112	-0.2509427497	-1.213515921	-0.4958716545	-0.2905969056	1.054855533	0.6970926446	0.2118740874	0.5360628313	0.4381793764	-0.2272401604	-1.123753228	-0.8780802402	0.1415434149	-0.614280158	-0.4363635434	0.165157924	1.666327395	-0.8703090996	-0.1622647293	-0.8029477561	1.381001119	-0.5253475452	-0.7902974707	0.1868487767	
0.6567945764	0.1290409013	0.4366850508	0.4906422743	-1.043358658	0.2526568249	-0.3129995547	-0.592598501	-0.7974926538	-0.6398187037	-0.7609998622	-0.383813626	-0.5226410767	0.8558965446	1.013915874	0.6436448829	-1.439809998	0.6448562474	-0.1071262084	1.69474496	0.8885262288	-0.9414553261	0.8043231612	-1.104560858	-1.203129749	-0.6887838303	1.806453802	-1.26046984	-0.9102160992	-0.5724145179	
0.46937386	1.169776813	0.4280905105	0.7216362961	-0.3016361795	-1.473126836	-0.724320432	-0.9742232882	-0.7371810032	-1.748851873	0.8584428722	-0.9795764677	0.4889958473	0.8692799056	1.677137568	-0.0424961721	-1.092465972	0.9758546148	0.3084995824	2.194938516	0.7117924961	0.9397253471	0.6598382229	-1.410337008	-1.137945697	-0.256790355	0.2726775699	-1.565931962	-0.1041502897	0.456134186	
0.727110765	1.532705272	-1.189637533	0.7628194052	0.6327982068	0.1282425275	-0.07615767537	-1.157771692	-1.522964496	-2.542644489	1.086277697	-0.5067573835	-0.242929683	0.5594407566	1.571982559	0.1554256082	-1.003589351	-0.6937448061	1.573468889	0.1796072403	0.03628455332	-0.5725728308	-0.1005452623	-1.05230392	-1.022474116	-0.7051039066	1.303252625	-0.1547234628	0.3760936052	1.007172172	
0.590307943	-0.0287651704	0.116670394	0.8932604927	1.213871737	0.5157839203	0.3864054523	-1.436889792	-1.906722816	-1.352355332	-0.4704633012	0.4224461847	0.5672260279	0.5426727884	1.919547562	-0.1157589492	-0.5700097754	-0.9447012598	1.941728697	-0.0424996728	-0.122026357	-1.629239811	-0.8429569377	-0.7461939255	-0.7778897703	-1.203643075	1.253131784	-0.2067272006	-0.0268032586	-0.4609158491	
0.5614231501	-0.9455474532	0.9184658095	0.9351402039	0.9054831421	-1.091207192	0.1149373551	-0.5454393516	-2.043973763	-0.2297627025	0.1998752762	1.168243411	0.6218139127	0.1926222649	2.482712039	-0.2493056737	-0.5168142589	-0.05807333853	1.800662234	0.4954979402	-0.09992024642	1.534994524	-0.8742179776	0.04805596746	-0.4760881661	-0.7410222602	0.947048531	-1.294367359	-0.4063148632	0.01264386819	
0.6449167203	-1.287827164	-0.6924933197	1.148813025	-0.8542622791	0.9565773138	0.3577264272	-1.373898818	-1.273071748	-0.2071650162	1.291951505	0.8106240532	1.468504721	0.8384638966	2.799107799	-0.04737462276	0.0246841687	-0.2304388888	1.618842677	-1.368802935	-0.03950677733	0.1506941993	-0.2605762566	0.7851255167	-0.5066472524	-0.5449470383	0.7720907286	-0.6472418452	-0.889696421	1.94568447	
0.9715389603	-0.546536369	0.7224169958	0.9662033778	-1.643532864	0.5219006937	0.3354104464	-0.8356374405	-1.068780205	0.07544988612	0.4450888356	-0.03447129163	-0.6310266745	0.4896999926	2.88819528	-0.08951300468	-0.6216487852	1.854465681	1.398526559	-1.794013805	0.4593065444	-0.7935993723	0.6003093886	1.462378192	-0.9314517568	-1.308153962	0.6972778968	-0.4176756287	-0.8035871562	0.8335798821	
0.8326434994	-0.6986968665	0.4134780292	0.8918322397	-0.9372541927	-1.508821274	1.060815137	-0.5306176856	-0.5643968036	-0.3665241955	0.1021443757	-0.5156163481	0.6073813784	-0.3726891561	2.619092801	0.5634186934	-0.6958591481	1.75470748	0.5143891584	0.06201828564	0.6316678186	0.4491888199	2.030508473	1.306523525	-1.132375714	-0.1117942878	0.7901725668	-0.2086033611	-0.00587179769	-1.227579927	
0.8807596455	-0.2140565169	-0.4513697828	0.9883152739	-0.8609546396	1.538211606	1.470437629	-0.9640635885	0.5201137539	-1.176624889	0.6732788797	-0.8870147832	1.002755826	0.6730718392	2.406007978	0.8652482635	-0.3561874448	0.1931811803	0.5056624626	1.005395015	-0.03465367646	-1.084077971	1.96935121	0.4694272698	-1.108773481	0.07382984688	1.121596796	-0.1810239216	-0.5863373528	-0.2718996548	
0.8714894583	1.333486396	1.120699142	0.409053003	-0.435222578	-0.05607430516	-0.5959274259	-0.3466593217	0.5796993894	-0.9279152722	-0.06901141558	-0.4757182015	-0.5729962553	1.024470288	1.904237054	0.2020332156	-0.6041549752	1.375421618	0.8423898222	1.711385236	0.6504482921	-0.8395962378	0.723735099	0.3551359474	-0.7859056762	-1.749272682	0.9950201086	-1.832834895	-1.913095419	0.8236606865	
0.9302673954	2.522171624	0.0631295755	-0.7718831487	0.5642709797	-1.235056203	-1.258041811	-1.299808728	-1.02839689	-1.450400509	0.8790579732	-0.593884706	0.9577149747	1.446606765	2.270834747	-0.8510336992	0.3031176314	0.7653605164	0.0633346313	0.3065039493	-0.7015450407	-0.4039769237	1.408125055	0.7577616811	-0.4284769123	-0.6407654567	1.512511053	-1.789954273	-1.07066768	-0.1324343668	
1.073079081	0.3537487625	0.1422749921	-0.4479166573	1.401500095	0.5923374993	0.9531799437	-0.9755011252	-1.938353077	-2.110848438	0.4211531081	0.4712259148	1.226133243	0.08852036807	1.647804243	-1.809475828	0.6892997706	0.6617436978	-0.3269328801	0.1198857261	-0.8146046158	-1.823911865	0.7459716024	0.1969373091	-0.04545846135	-0.2728533005	0.8840998401	-0.9052721355	0.07204684445	0.1205767163	
0.9628412751	-0.8011324273	1.579259485	-0.1947013184	-1.002176564	-0.5804872166	2.538037451	-0.4622116723	-1.133841618	-2.068745394	-0.06116168864	0.9623460802	-0.2725728692	-1.363645805	-0.3605497324	-2.409131561	-0.2765386086	0.3898608772	-0.03925961451	-0.5230268484	-0.1535484381	0.4798624248	-0.2414079685	0.1711693784	0.8235877249	0.2744198658	0.8674942747	-0.2188030709	1.181995195	1.346234281	
0.7872392794	-1.027620165	0.7371378582	0.4942808967	-1.460886074	-1.080453797	3.494118394	-0.2701765135	0.2739081447	-2.067057149	0.7896814098	-0.41360106	1.292514956	-0.4434934328	-0.5276501427	-1.505890091	-0.08105601656	-0.7512750864	-0.6240971065	0.5596474559	-0.1476868018	0.3858981529	-0.1620986838	0.8966743871	1.030304056	1.370741219	0.3423905461	0.2096521359	1.643673854	-1.074478335	
1.080978175	-1.039460584	0.4480539106	0.7308921625	-0.7928217933	1.019978533	3.383566375	-0.4078784075	1.346064972	-1.988116599	1.336642636	-0.8763007458	0.806315115	0.3812729647	-0.3302611592	0.2240332777	-0.1561478073	-0.9176521469	-0.3595476976	1.463001205	-0.6788624007	-0.3120031644	-0.9597702332	0.6261211898	0.7502550542	0.6216384954	0.8671992223	0.4918658288	1.48130337	-1.369796025	
1.252096953	-0.8197333211	1.742089913	0.773392956	-0.4141855229	-0.3606346027	1.779623348	0.3985640293	1.66601288	-0.7645074688	0.5955226004	-1.249231538	0.2319191933	0.8989725367	-0.6557272774	0.9403217381	-0.6638127246	0.3075898917	0.7132172442	-0.251554493	-1.859036273	-0.6487585276	-0.1248718312	0.05229266828	0.4467148506	0.8003574686	1.837842117	0.5978939273	0.4413927078	-1.738249046	
1.098813693	-0.2162509542	0.8736831952	0.4690878467	-1.336015498	-0.1160520722	0.3597343775	-0.1287822837	0.9783630942	0.9359531348	1.656144625	-0.4802308339	0.7026800999	0.6138706628	-0.816069786	-0.258425631	-0.1273421318	0.08905803458	1.12993936	-0.1762947454	-2.695526696	0.05825618085	1.183109743	0.8556311368	0.5988797102	0.8405964416	0.7882892287	0.7880301857	0.9411378409	-0.5682826589	
1.024944302	1.075875152	0.9208568507	0.4355246261	-1.875172701	1.7863645	-0.07051649663	-0.6919689093	0.27160202	1.097848851	0.2617771424	0.2627769285	1.00254626	-0.413228515	-1.059220224	-0.2353620615	-0.005875960131	-0.4310540011	0.2073926851	-0.2211135843	-1.812453723	-0.6156876346	2.532566013	0.1677124043	1.398253136	1.613024973	0.4512095263	0.4121256852	1.380732665	2.388748707	
1.070356001	1.243738051	2.544416993	0.191175251	-1.877618213	-0.5929895501	-0.8144547383	-0.0822350972	0.07764725599	0.05697674064	-0.4551587299	0.4335571879	-0.721497707	-0.8342153998	-1.146636979	0.5451657361	-0.9957999464	-0.05013536837	-1.092131404	-0.04083329178	-0.6157716123	-0.8600182333	2.567272614	-0.4464582237	1.525450016	1.833590794	0.7348991383	0.2518916026	2.619509188	1.091900848	
0.8128818886	1.021081822	1.26763857	0.6564152685	-1.82415854	-0.8529702446	-0.6300533459	-1.248899722	0.4163588133	-1.611865147	1.051992644	0.4931601929	2.223255668	-1.118375255	-0.8677417713	1.114537781	0.1174817828	-1.540908603	-1.502196984	0.08480208362	-0.7751157329	-0.2025376114	2.664400453	-1.650971534	0.2946417877	1.597306779	-0.3487221435	-0.2702671442	3.51538445	0.1826115339	
1.194514458	-0.04751165056	0.5396842465	0.01003820594	-1.264764062	0.3248227137	-0.3403021147	-0.7154944366	-0.1980360433	-1.480532271	0.9827265463	-0.201427281	-0.465224888	0.01232165007	-0.3850055584	1.532651802	-0.2254430523	-2.166200044	-0.05480930877	0.6513445962	-0.7627469797	-1.009384458	1.697953522	-2.358032418	-0.7500170826	-0.09733258117	0.9545076981	-0.7032407375	2.319396113	-1.467995812	
1.184936274	-0.175482532	1.322902664	0.2505302844	-0.7284483121	-0.2230278387	-0.5348678062	0.6681541294	-1.165441436	-0.6458399229	-0.8682248318	-1.163160421	-0.4101603063	1.082057171	0.4756968682	1.373718489	-0.1910592049	-1.367148415	0.9987694017	1.402840165	-0.4646401068	-1.415253065	1.028123053	-1.890088576	-0.2228236499	-0.4452194437	1.260218895	-0.5145022418	-0.5637610335	-0.1437472313	
1.129570245	-0.08650496935	0.001611790532	0.5323650643	-0.2452392353	-1.955589946	-0.9282666139	0.6641556719	-0.8033939445	-0.08867956615	1.268701147	-1.575067035	0.5801451666	1.65181463	1.740863253	-0.4124948448	-0.1555044927	-0.975420209	0.8682697587	1.655419108	-0.8668090826	0.03915156324	-0.1501292638	-0.7555680149	1.289975569	-0.7179131765	0.2295567498	-0.7381333199	-0.4684230285	0.2200026279	
1.352517926	1.33493283	-0.4026598133	0.7529924936	0.5307642019	0.7939904018	-1.005973876	0.1431698378	-0.7525702953	0.3791705502	1.047510648	-1.244454069	0.5144166114	1.711071368	1.943882045	-2.444977283	0.3110369031	-0.8320918573	0.67846052	0.2922457372	-1.23731814	-0.6352472579	-1.935013038	-0.1541547898	1.249526948	-1.478423131	0.9697515135	0.2885144193	0.06698299369	-0.1461039733	
1.289955652	0.3649964377	1.897496715	0.9362654507	0.9674263129	-1.050118451	-1.223835271	0.1888445708	-1.294673437	1.169187481	0.08767456796	-0.2392012044	0.4236689045	1.139875016	2.877383393	-2.369944151	0.2367539362	0.1909744381	0.7049197768	0.156488833	-0.8936782462	-2.360824155	-2.038421052	0.7555254142	1.394335597	-1.158622663	0.522570266	0.6490631567	0.4505068198	-1.06854733	
1.337201787	-0.676116122	0.2409884582	0.7736172816	1.45494733	-1.601728975	-0.3380778965	0.5212227622	-1.460731567	1.045018196	0.9471428474	0.410630234	0.4491253602	0.2794756438	2.739354933	-0.6048039338	0.2932305211	0.294612392	0.005525375241	0.6303123551	-0.9444462374	0.5435698973	-1.043649578	0.7103634605	2.101748509	0.4050156275	1.130313246	0.3787125354	0.5587773994	-0.4944639567	
1.221089277	-1.037942252	0.4587243529	1.035977603	-0.3659874701	1.114093215	0.693588165	-0.5005304326	-0.4259001048	0.7283207139	1.777265958	0.7102968338	1.558898618	0.1631597574	2.399974141	1.006181853	0.7065443563	-0.2053746771	-0.9100750711	-0.7173053212	-1.661072096	-0.134426665	-1.134424115	0.06344858025	1.914534308	0.04008696883	1.032721516	0.3396196978	-0.4988518864	1.191567127	
1.300013139	0.2540726743	1.401484455	0.9604632214	-1.616566804	0.9481272515	0.3038234372	-0.7199925832	0.591517222	0.6860500321	0.7437743593	-0.05845367266	0.6981629072	1.207059574	2.8749642	0.7837678017	0.7411411212	0.9881160379	-1.3064942	-1.297532582	-1.133486699	-0.873061786	1.314650383	-0.04358381605	0.2240421451	-1.208270139	0.9456660508	-0.8948754573	-0.7855406066	-0.8672870059	
1.232281596	0.7647454333	0.7408565084	0.7423133833	-0.6367136883	-1.611141018	-0.349049377	0.01564088212	0.1328635027	0.2127671539	0.3504800106	-0.3356283524	1.809377751	0.7004230475	1.840380437	0.2980651265	0.663169491	2.179143545	-1.115623107	1.827899399	-0.971649504	-0.8688774304	2.402836788	-0.6737326949	-1.418463535	-1.4290486	1.058402064	-0.6090593415	-2.584662806	-0.8520433048	
1.191344805	1.631531981	-0.2752513847	0.8868613022	-0.08057419631	0.4104717643	0.2668735329	-0.7386019467	-0.6181391712	-0.3801132816	1.757699153	-0.782155935	0.9412484888	-0.5767034259	-0.4705828969	-0.1494334918	0.7606221619	0.3083633585	-1.091390738	1.648495859	-1.561063587	-1.389829537	2.202324033	-0.9305288321	0.03270638998	-1.087220152	0.2814059874	0.3588762693	-0.6627641809	1.741629945	
1.168198497	2.283185061	1.041310949	0.6296991612	1.249690387	0.08455125997	0.8819250648	-0.2380050958	-1.002628332	-0.6775756265	-0.01131103782	0.7393831419	0.4327051167	-0.5083128815	-1.970418746	-0.01870960995	0.5133754806	-1.319835863	-0.9521186145	1.285815872	-1.120998612	-2.307753929	1.158176822	-0.5266437967	0.4240848193	-0.9991683225	0.8294422245	-0.1278280951	0.1607076519	-0.3431663403	
1.01696689	0.3188455265	1.561280815	0.7171472811	-0.4699790998	-0.8222931417	0.65775197	-0.6298011696	-1.292506929	-0.3055441357	-0.06909510483	1.590318678	1.862406	-0.2488188786	-1.932646983	-0.2910433989	1.291804707	-1.817551391	-1.613747672	-0.1939570654	-1.399936763	0.1875686026	1.485671611	-0.2096203184	-0.4449563364	-0.593326232	0.7838136474	-1.2189854	-0.05959801769	1.240727972	
1.27899428	-0.4567993499	0.2676203893	0.4031409581	-1.376724073	-0.648127018	0.6262163002	-0.8894166291	-1.017695129	-0.4787964646	1.282570544	-0.3390642635	0.7203170661	0.4282468813	-1.58420202	-0.04132801526	1.066622612	-1.640429584	-1.683174576	0.310100355	-1.348150521	-0.2291435181	0.9402437441	-0.1613326337	-1.078160892	-1.018424641	0.6875245745	-1.708562185	0.8576596673	-0.8722669845	
1.340891316	-0.9183693838	-0.1789994377	0.6313455365	-0.5272448137	0.5375747336	0.5355449663	0.2492510056	-1.50122781	-0.02111219682	0.2281995814	-1.333629393	-0.03343112872	0.9490298338	-0.3989955174	0.4487009272	1.171973968	-1.585079911	-0.03019934765	1.550259398	-0.9356877281	-1.331757602	-0.6095538501	-0.01889767375	-0.4820344106	-1.267464934	1.071781103	0.1997694042	-1.11824668	-0.337384641	
1.236444527	-0.2138650138	1.660691708	0.8660339313	-0.1288098871	-0.7982344444	0.3258216365	0.757186701	-1.250723317	0.745637629	0.3156344221	-1.778753807	-0.4321987878	1.610590961	-0.01782104288	0.6487147423	0.8319016775	0.1707547185	1.465080761	1.453848417	-0.4958539212	-1.097740093	-0.9795692504	0.6462953469	0.6926416896	-1.447724048	0.1162838723	0.69191822	-0.9972140426	1.415101398	
1.209026062	1.965301445	0.3331612628	1.173897635	0.7773359151	-1.235903594	0.3181632016	-0.1823379996	-0.3065173759	1.299710198	1.970895975	-1.185329207	1.991750888	1.056131121	-0.2307458139	0.367092276	1.161773791	-0.1917824779	1.037995675	0.02161456886	-1.12414395	-0.1328824585	-0.3012806231	0.7790116678	-0.1652906279	-0.6242593536	0.206706023	0.4870039602	-0.2332524221	0.5045581946	
1.576468697	1.605383306	0.1680848221	1.059862239	1.100413042	0.2517964924	-0.04066160612	-0.3743003113	-0.4896558793	1.462951992	1.119995904	0.8773595105	0.3930582867	0.3694231208	-1.365225657	-0.4717138969	0.8596265101	-0.3934580387	0.3038584894	0.3039954781	-1.145345712	-2.029200671	0.3301315146	0.7195852946	-0.3265686235	-1.370377125	0.8418382039	0.5079996983	0.3880430102	-0.2438587616	
1.123529524	-0.2687433586	1.889833901	0.7625982266	-0.03630644405	0.1549213019	-0.3005023997	-0.3548250728	-1.48134062	0.8268281864	0.001496651078	1.36759795	0.09405314128	0.1723322742	-0.7067578532	-0.5316997392	1.17090595	-0.685900794	-0.6516033943	0.2316865862	-1.563046915	0.06378558151	1.806455054	-0.1069575714	0.7065372527	-1.281895266	0.2917860205	0.777284686	-0.1492627214	0.8632055261	
1.284089899	-0.3537189964	0.3910620512	0.6876634747	-1.651138938	-1.749224656	-0.1759274235	-0.2803343414	-0.9074944182	0.1473105074	0.7102572825	-0.06872762114	0.7340414196	0.7280139758	0.05680907771	0.1393748035	0.8692236169	-0.7005963872	-0.7329030583	0.1461418539	-0.9661082828	0.04766690776	2.084352579	-0.2438543404	0.7301124952	-0.6160564798	0.7103734338	-0.4977159307	1.339598386	-1.065831691	
1.452971302	-0.8499273989	-0.3878128844	0.6584678261	-0.4393429086	0.8016048765	0.1896486592	0.05543899618	-1.100032428	-0.4600378664	0.4765213988	-0.8571327516	-0.03828552737	0.5242110162	-0.6563507718	0.7160958843	0.5600347396	-0.7218473687	0.005823056414	1.517722891	-1.028370132	-1.36621056	0.9442307099	0.5072340189	0.06853593806	-0.9168233658	1.631793979	0.2436396089	0.5756898612	-0.595677018	
1.281486623	-0.01695493477	1.798884373	0.7866597479	-0.55520484	-0.1089328736	0.7717866567	0.1576501284	-0.6174786204	-0.3071515819	-0.214408574	-1.511726646	0.7989862512	0.260971776	-1.380782308	0.9699877482	-0.02525178014	-0.0810945573	0.6804527168	1.5572213	-0.8666373315	-1.634882311	0.812698973	0.0707099105	0.1462937731	-0.2648407698	1.173494781	-0.1749854444	-0.547288419	0.2568341618	
1.271301	1.500079807	0.7537538643	0.6711231408	-0.2375984474	-1.48888931	-0.142440719	-0.380726448	0.4159975546	-0.4797911395	2.357041201	-0.7208932155	1.224283142	0.775628713	-1.113887524	0.5298875093	-0.478252921	-0.1188244827	-0.5857063903	2.603577764	-1.165354762	-0.2220481556	0.7370628057	-0.8700551167	0.214427371	-0.6420354646	0.04100140839	-0.8766803707	0.4589331795	0.6707331166	
1.466759421	1.948045699	0.1818854499	0.3520577044	0.6258966538	0.1422075065	-0.4181467675	-0.4035077078	-0.7857001039	-0.6418793778	0.7099692541	-0.9542983724	0.257380907	1.478815994	-1.015951589	-0.1296206276	-0.467167225	-1.385600189	-1.70197504	0.4570194845	-1.632758481	-1.047078165	0.6789803441	-1.022245203	-0.180057643	-1.029004021	1.82501021	-0.5729242932	1.106135505	0.350376496	
1.168771193	0.466318175	1.07582105	0.7293445741	1.335722362	-0.07571486896	-0.2433670678	-0.885757905	-2.201218703	0.01027500212	-0.3817519769	0.6259850742	0.9769819558	0.956883974	-0.4299154976	-0.1862923671	-0.006996147852	-1.908796875	-1.583448591	1.18294009	-1.445870873	-2.277275642	-0.06886176355	-0.3684687218	0.3187693255	-1.350484293	1.016972313	0.8487229167	-0.2289892467	0.8206981261	
1.334770196	-0.4590204463	0.8275913845	0.3602373937	-0.7120779334	-2.178712247	0.0007095558212	-0.1919641772	-2.067294225	0.6028861165	0.4437030162	1.447355308	0.1668813193	0.5477698502	-0.6674442874	0.09427665561	-0.3144373817	-1.017382243	-2.338832001	0.606142956	-1.187667032	0.3539148823	0.5280289529	-0.7169727432	0.7671495458	-0.571065894	1.180422363	0.6727006511	-0.6355863044	1.33068759	
1.493874352	-0.8272917611	-0.2828352072	0.4311916487	-1.759614274	0.224866583	0.4955477482	-0.5379470726	-1.665818739	0.1405491562	1.143090419	-0.09411112365	0.1443423576	0.5521349331	-1.271416161	0.2949054239	-0.04542881849	-1.341129789	-2.350320467	-0.04047574248	-1.189396057	-0.4978803443	0.02080517967	-1.272878624	1.281521815	-0.3284059381	1.163404656	1.082903478	0.2820117737	0.6396958404	
1.262426696	-1.016652974	1.762969697	0.7780378938	-0.6105255847	0.5051057323	0.6668578525	-0.6071209807	-1.535038751	0.2420517484	0.1500411731	-1.672318078	0.2841983713	0.9245573616	-0.9810259736	1.082449051	0.1561248035	-1.614204959	-0.8326034364	0.9349998152	-0.6148928643	-1.173562353	0.8808636526	-0.6686773856	1.044138111	-0.3942825515	0.593574032	-0.144831067	1.811807923	-1.379705138	
1.364169581	-0.7540510971	1.156046233	0.6522658669	-0.2982746283	-1.736334775	0.09316618191	0.3394747601	-0.6219869762	0.3917376452	0.6855821676	-1.456421952	1.184751173	0.6911245905	-0.5741786275	1.16777563	-0.4306863583	-0.1875800812	0.08792939551	1.576096666	-0.2383663157	-1.077585071	0.5990476852	0.5604023468	0.741167017	-0.2819510517	0.8029731153	-0.5150399519	-0.1867661878	0.5623433403	
1.262943807	0.07414873978	0.3759734609	0.9169648094	0.1450960151	0.3669326405	-0.3755696809	-0.5681815138	-0.2212792771	0.02549196063	2.344959092	-1.537939601	2.002976924	0.6873743317	-0.9791502055	0.1824879223	0.5669536345	-0.1627948807	-0.3531162191	1.790383543	-1.312898898	-1.436258269	0.3614748419	1.323512173	0.7700551061	-0.8471456998	-0.09684879967	-0.331891189	0.03339843687	1.300326756	
1.400946212	0.7879805015	1.328738877	0.7867846981	0.7636155194	0.8576160506	-1.10364889	-0.2651581776	-0.4321037177	0.1039206319	1.29860739	-1.329831741	0.8170775657	0.5217103542	-1.4369752	-0.445893084	0.1932406246	-0.4998773677	-0.404896463	1.293614104	-1.100769211	-1.312658494	0.6077073897	2.968131047	1.405989761	-1.571614161	0.3424088791	0.1170867731	0.6415035379	1.771449861	
1.46197473	1.497791032	2.351229729	0.8419330239	1.205010633	-1.416789698	0.1263544186	0.3101836357	-1.093105194	0.1598189594	0.4949586917	-1.588037305	0.3334249142	0.7742401275	-0.8249304258	0.03311501433	0.03372435619	-0.5856957161	-0.3780046608	0.3941807671	-0.6054214167	-0.3550818595	1.06246393	2.97979556	1.290350458	-1.38517352	0.5318709078	0.6606860299	0.4163635931	-0.3369641866	
1.359739452	0.6965792717	0.1390303469	0.7985159256	1.053268545	-0.2022457217	1.226660482	-0.5965247973	-0.5693679985	0.3711261167	2.420340557	-0.5680148577	1.680449589	0.4603965023	0.09186378281	0.47092328	0.5734237435	-1.687724739	0.5842382304	0.5283587173	-0.9099823121	-0.8439042932	0.7028685449	1.229600707	0.6069659349	-0.7123815541	-0.01979233643	2.248142221	1.061209846	0.3990533551	
1.468361298	1.096846333	1.767692119	0.8524268739	0.8670988538	0.6878522208	1.065541115	-1.010390934	0.1018483083	1.031670132	1.451780761	0.8646683678	1.221215632	0.5105768973	0.1191961858	0.4299144182	0.3977688623	-0.9614115623	0.8461182097	0.7551125904	-0.8427206331	-1.963566863	0.09786611501	-1.191282095	0.593278036	-1.21379127	0.6447451184	1.556891558	0.7467577685	-0.8181208497	
1.353121377	0.2222880168	2.29783767	0.7148302676	0.4903041922	-0.9171631211	0.1589065925	-0.32661636	-0.6052142012	1.478708447	0.4838052152	1.599121188	0.9355083377	0.7088962487	0.3270664677	-0.3877951954	0.3329533258	-0.9276060872	-0.3795478144	0.5051379028	-0.8692477064	0.9537567329	1.549769147	-0.650889551	0.358043986	-1.779532956	1.058865735	-0.3074897553	-0.9870061014	-0.1810216315	
1.410313457	-0.6194919287	0.4967311898	0.7324526491	-1.531640789	-0.4308139511	-0.3420070489	-1.088447302	-1.094250171	0.5875409907	1.600082664	0.1672324219	2.287987382	1.069445979	0.8842084275	-1.380114628	0.7402993379	-0.8798377866	-1.02437068	-0.3542466953	-1.279543087	-0.1008837851	1.598334105	0.86819424	0.2958064812	-1.184485187	0.6568515675	-0.4212920117	-0.358422138	-0.1316728673	
1.511440754	-0.5765599647	-0.2266159076	0.6074085669	-0.9663255301	1.116429598	-0.3622521033	-0.541334045	-0.8130146535	0.3325023016	0.4607535327	-0.7214494346	0.4795156677	1.390432997	1.150454121	-0.9843334383	0.6364131639	-0.2508866877	-0.7486675899	1.461324698	-0.5389834352	-0.9113476548	0.6533056683	0.867283504	0.1154852594	-2.055001724	1.046828695	-0.04388350088	1.178911759	-1.402847635	
1.623778664	-0.384336514	1.653207719	0.4488705175	-0.1618857795	-0.8466857828	0.2870451274	0.2524233483	-1.235423755	0.0722368599	-0.6507904144	-1.798318428	0.03812689347	0.9645589517	0.5277903651	0.04077395979	0.2834282057	1.044575319	-1.321595091	1.872341205	-0.186447032	-1.116411844	0.1749318241	0.5483491721	-1.024433397	-1.272671838	1.35122865	1.085542345	-0.009017286444	0.3572521935	
1.560123841	-0.2088051894	0.1852430357	0.7002859429	0.4326225382	-0.9356306727	0.5712144899	-0.1327336399	-0.6471405414	-0.2836760369	2.190479048	-1.711874054	1.031557977	0.5557017508	-0.3614306878	-0.1782073189	0.0009249328638	-0.3369625298	-0.9011380298	1.542106686	-0.6863065733	0.0915349188	-0.1295928917	-0.09767400295	0.2318654322	0.2354170081	0.5498720034	2.203582617	1.070998703	1.283880588	
1.629660746	1.161089012	1.727870523	0.3109808435	0.8281706435	0.3566868222	1.281663976	-0.1666528394	-0.9092619561	-0.3222588943	0.8485583869	-1.595759829	0.05532607919	1.609315745	-0.4392305602	-1.384278409	-0.1968567121	-1.567829158	0.3308486567	0.09838812426	-0.6880992052	-0.8228735166	-0.2443254235	0.6130288613	0.9275692748	0.1878798116	0.810974343	3.162620422	0.2073842309	0.6978236438	
1.323443542	-0.03663622689	2.033476341	-0.8720677818	0.8394118639	-0.04686778674	0.1124696456	-0.1275895952	-0.1156887581	0.326460727	0.3690195933	1.332485161	3.24217397	2.098412802	0.4842989657	-2.93543055	1.170334731	-0.2283124647	1.744245217	0.6668526824	-0.09513709861	-0.1388902804	0.2715097962	1.306628076	1.134759228	-0.3498253059	-0.2241414539	4.130904204	-1.131221752	-0.2282383558	
1.392856623	-0.9411957522	2.14612644	-0.8784409144	-0.002202234266	-0.1940012136	-0.5820571684	0.09283115289	0.3234090306	1.285013922	1.533966315	1.114763976	0.2144070357	2.368878836	0.4250333281	-3.743496655	1.341170039	1.265355962	1.596659497	0.4765431313	-2.446168595	-0.3351395482	0.8271802753	1.603759561	0.5762261525	-1.610056513	0.2799431889	3.335870527	-1.314602473	0.0436751908	
0.2632391847	-0.4016338979	-0.1480317738	-0.8196803264	-0.0822603475	0.4374174815	1.136083395	0.09986700224	-0.3510928057	2.189366965	-0.05983578715	1.614111733	1.453239006	-0.2071674299	1.157319886	-1.924488063	0.2845510296	-0.4021866049	2.047100514	1.548478352	0.7649217871	2.402986016	0.2668590287	1.088620693	0.1271330559	0.582933313	1.037466813	2.520533419	2.08730256	3.372954149	
0.5345806409	0.8216470683	-0.7476779288	-1.967726259	0.4825576969	1.806258718	1.549547044	-0.5495319807	0.7008895709	1.508249091	0.08755309966	2.393091187	0.5460984164	0.1721483823	1.049502068	-0.08291895284	0.7823417094	-0.1722179685	1.636780715	2.357898611	2.669984674	0.7268986405	-0.07000453083	-0.4850671183	0.7416064688	1.23184103	2.154878069	-0.2914530322	2.229314982	2.543133108	
1.476140944	-0.2250468731	2.960024627	-4.083867815	1.792922588	-1.435475644	0.9810315919	-0.8758337235	-0.2730967678	-0.2750171352	1.020557222	-0.01712447371	0.0004178868394	0.3575214813	0.1638182026	-0.9357502669	1.214883292	0.1333786157	1.195613425	0.1902957872	0.3192900261	-0.6786426814	0.5576940917	-0.4965449838	1.867981584	4.247653294	2.970439166	-2.819439077	-0.3327067556	0.8482542261	
1.291047833	-0.7689749711	1.326451752	-2.133971252	-1.559140187	1.415014419	1.97504665	-0.461215639	1.29896345	-1.613783393	1.499776592	-0.2964954072	3.952849451	-0.6743109699	0.4232391841	-1.287002307	2.43526784	-0.2015394749	0.3881736174	0.2036929257	-0.2355705119	-0.7670775858	1.250153608	-0.7332661644	0.9903772139	2.291126817	0.1686695503	-2.000931502	-0.8495719513	1.320865281	
1.75615955	1.100548854	2.239956362	-2.962989148	1.567687674	-0.6478956149	1.590532784	0.571247798	1.426824618	-1.982051572	1.164503401	-2.168864291	1.763224869	-0.9937295022	0.6843056189	-2.130790648	1.850383366	-0.4928736139	0.7263771431	0.8751103637	0.149786539	-2.77346411	1.940525542	-0.04042599983	2.226637634	-0.1884899505	-0.11706983	-1.828913973	-0.835109464	0.6264352767	
1.890074874	0.2413917045	1.327922597	-3.100358096	-0.1644302975	-0.1816490137	1.70114245	0.3495348749	1.055713629	-2.491872111	0.6527833819	0.2716293777	2.391906353	-0.8121865559	0.6374684013	-1.919037041	2.280070759	-1.623135218	-0.2061197889	-1.639220546	0.3125379281	-1.727549348	0.6210556637	-0.1747470458	2.075897088	-1.322824865	-0.08693805015	-0.7362459316	0.09591278627	1.968687704	
2.376492073	0.7349632076	2.063699136	-3.878860896	-0.5651664434	-3.585728954	2.542630336	2.183193191	1.896207147	-1.240039606	1.708989311	-0.789870297	-2.919137529	-0.459070061	0.5878357153	-1.225912135	-0.2143448889	0.2433684809	-1.878129469	0.3609143521	2.164887597	-3.484901421	-0.120371719	-1.19563337	0.4672573784	-2.995778244	0.300379498	-1.43030878	-1.086519488	1.202852183	
2.099060456	1.032824274	1.102612847	-2.619765425	0.537725184	-1.324565295	1.43674159	1.00271128	0.698438188	-2.219131041	0.7140414507	-0.1134423461	0.6781711711	-0.6659868684	0.1415423088	-2.052590998	1.816435347	-1.766308213	-1.588966803	-1.349064405	0.5385306825	-2.364125426	-0.6521651522	-1.58826033	0.5632165968	-2.124135438	-0.02759095124	-2.457193168	0.4203576067	1.935695912	
