1.208386946	-1.206710152	-1.404398722	-0.7045758526	-3.301635702	-3.69474595	-1.380607468	-1.144827208	-1.937736124	-0.7692921376	1.002115252	-0.1934546378	-1.298281712	-1.228348514	-3.056651987	1.444451237	-0.9225023303	-1.844782827	-1.551903762	2.93364891	-1.27584362	4.863073936	-3.335748354	-1.599758384	
0.9562726483	-1.418897892	0.491393371	-1.849166576	-3.766424606	-3.095848898	-0.277029653	-1.277508013	-2.47373335	-1.105308391	-1.336738973	0.1622618089	-1.109720021	-0.9403297034	-2.032152491	0.2151589202	-1.831451726	-2.007289568	-0.4752917495	2.34578892	-1.380690332	3.09460772	-1.359519602	-0.04224900348	
1.12848199	-1.17317902	0.1265527267	-1.447688276	-2.573574729	-2.546136379	-0.4601889422	-1.915149862	-2.253617549	-1.073668363	-1.887011787	0.2898414754	-1.058448901	-2.220174715	-1.256685155	0.255945099	-0.6304506816	-1.125377253	0.1036129042	2.664986256	-0.9646833911	1.183703719	-1.136381832	0.3374450658	
1.023116822	-1.068571332	-1.441638497	-1.068168048	-1.878901393	-1.73698387	-1.57709434	-2.180959425	-1.924253728	-0.5495804673	-2.516161476	0.191066309	-0.7423025922	-1.946452663	-0.7195350142	1.335945238	0.07629002931	-0.5130801938	1.06264589	1.769189056	-0.6830496888	1.730181542	-1.160844407	-0.7496416117	
1.005592075	-1.049383569	-2.215129955	-1.290473646	-1.8066677	-1.124337285	-1.515367877	-1.351958378	-1.418844264	-0.1013416467	-1.296975976	0.06565527035	0.02883810341	-1.283776032	-0.7058729571	0.7252313949	0.4802213911	-1.404873458	2.242878307	1.728232837	0.04704685424	2.306376134	-0.525459361	0.2488427072	
0.8992459623	-1.245495565	-0.7076409927	-1.228977942	-1.367107492	-0.7861510874	-1.055287573	0.3160320651	-0.9895907128	0.86936809	-2.231591192	0.3086924039	0.475538039	-0.4500228378	-0.2154377741	0.781809322	-0.5462986432	-1.647993864	2.303253627	0.9455086025	0.8395032115	2.048009779	0.5741892914	-0.5596035519	
0.9933300756	-1.081247646	0.961667228	-0.794216326	-0.8478064395	-0.9099055039	-1.643158555	-0.5389992343	-1.019565124	1.345001258	-1.809757677	0.3016519741	0.1763955061	-0.8012697017	-0.7445759976	0.4356871677	0.1059359839	-2.120583319	3.182195789	2.635819157	1.054722405	1.345976396	1.7162161	0.1675676681	
0.7799180343	-1.106297443	-0.5515484502	-0.7290113489	0.5632859993	-0.8042173313	-1.780715935	-1.044490883	-1.037033812	1.786025044	-1.623476685	0.1175498635	-0.3058064643	-1.436352617	-0.44457257	0.8924983009	0.5912692333	-1.23061112	2.518675339	2.174112342	1.072481211	0.7751521245	0.4295053463	-0.3928890341	
0.8450879782	-1.044027241	-1.565260111	-0.8619356101	0.48784973	-0.8120451062	-1.958992994	-0.6001216208	-1.058116162	1.597792277	-0.3269687187	-0.1326721262	-0.2672431892	-0.1890907578	-0.5054509941	1.818261181	0.7030970424	-1.715083009	2.333235171	1.034641662	0.7727844043	0.7016127461	-0.2133423315	-0.3233350774	
0.8225087017	-1.422115309	-0.9800137143	-0.7745070028	-0.248416278	-0.4049314452	-1.625546876	1.345310487	-1.302404252	1.288473753	-1.098081776	-0.6403582635	0.03726080653	-0.01211820961	-0.2791006658	1.372710824	0.5931339277	-1.561231372	2.385332353	1.205908086	0.7549919752	1.071447846	0.9529754774	-1.452176524	
0.8526051782	-1.864422057	1.011279241	-1.612254377	-0.6192202179	-0.1322009742	-0.5383818602	-0.2274942063	-1.079122794	0.8339812798	-1.897014666	0.1748930519	0.4399122795	-0.03008440275	0.2656096596	0.3418656265	-0.8898467511	-1.361881944	1.953211176	1.893082084	1.055493576	0.816297466	1.395403216	0.8551167535	
0.8190837217	-1.892259027	-0.02799513441	-1.466511497	0.5707825887	0.1352500146	-0.8017847296	-1.118821436	-0.6023039603	0.6378814305	-1.378666644	-0.09684303919	0.7398046569	-1.815195996	0.01216830586	0.3237687317	0.5938695454	-0.273914667	1.530111737	2.112498032	1.274886428	0.5493010343	0.09186162921	0.08059692948	
0.7867922418	-1.674076125	-1.412579563	-1.072300463	0.6519706538	0.3966879221	-1.769812105	-0.975681573	-0.2217268522	0.6690254002	-0.6176704062	-0.2531928148	1.334474413	0.2102238926	0.2682751155	1.18950726	-0.7065831858	-0.1878985562	1.347845748	1.367214563	1.018269315	0.2319233778	-0.7546686067	0.1243448592	
0.7263474422	-2.036530236	-1.542966747	-1.360482602	-0.1097811926	0.8047133622	-1.413861657	0.5602472092	-0.1540403543	0.9388302374	-0.4159574223	-0.6704259168	1.403544796	0.7231135169	0.08596736509	0.2760261181	0.296363172	-0.5443065963	0.3991630897	1.846865439	0.9760097277	1.126095151	-0.004863386915	0.6625033174	
0.7541974837	-1.846309846	0.9928268334	-0.9339370665	-0.3705097688	0.7105639099	-1.815498572	-0.05162533198	-0.05593214854	0.9434504842	-1.578130222	-0.79345169	1.139978287	0.6582081994	0.2080896446	0.835861109	-0.2457129135	-0.4940901991	0.7250843778	1.628838467	1.290406283	0.5167035146	1.703060612	0.5049914162	
0.7049143491	-1.772019038	0.2258512732	-0.731920224	1.008937031	0.6732818472	-1.9546913	-0.7290904224	0.03423165039	1.025298026	-1.464142053	-0.3568821582	1.040242942	-1.566628822	-0.08292377515	0.7269379147	0.4829018026	0.4570923285	0.2448928016	2.2168814	1.03143614	0.0277031896	0.2046574953	1.013918795	
0.6911592168	-2.202479743	-1.095409553	-0.971436	0.7980823221	0.3905756134	-1.440695331	-0.6619122087	0.6014733701	1.206317796	0.1002536583	0.1056802614	1.12154483	0.4925754881	-0.1760546687	1.774266711	0.2737644818	0.311777599	0.1438131659	0.8928745097	1.001998815	0.3635352351	-0.3278631244	0.1298550511	
0.772873136	-1.893417537	-0.5998467673	-0.8904379064	0.01893489539	0.2175875469	-1.686605364	1.675133538	0.1268024562	0.9850514502	-0.2947999341	-0.0869633096	0.6445223635	1.267093369	-0.5187297227	1.55771379	0.1205314896	-0.2768810336	0.2124640219	0.8817236351	0.7611985749	0.1383322716	0.4977585448	0.5431494503	
0.4031627133	-2.201030587	1.442250575	-0.1865507339	0.1940595083	0.2581123719	-1.331448035	0.09506625665	0.3505107004	0.4447227914	-1.843487772	0.6773347389	0.5897688761	-0.01213821635	-0.06164409216	0.3086167499	1.3275541	-1.743381595	0.4063232037	1.789520879	1.371982549	-0.6645775248	0.7626421358	-0.4994513933	
0.393110085	-2.109720795	0.6776186348	0.3322469142	0.6693908669	0.9745026136	-1.834634355	-0.7227553694	0.6171020817	0.1344813897	-0.2464277834	-0.2920287315	-0.119116625	-1.165914108	0.2579008625	0.9383379147	-0.6338315796	0.08697545512	0.238669016	2.355320366	0.9249512135	-1.762736497	0.09156625184	-0.8904306008	
0.2999875323	-2.050713892	-0.1394423254	-0.1541116851	0.5126867009	1.009283756	-2.201490485	-0.8224118553	0.4029176258	0.2409877461	-0.7398213511	-0.276675066	0.5454056917	-1.386909008	0.3194317062	0.7395509658	0.6881782686	0.5468124118	0.03127735042	0.4057461448	0.9323967571	-0.9268262863	0.195543513	0.2853646245	
0.5129891836	-2.58450143	-0.8506992398	-0.352039369	0.7193003991	1.108416516	-1.111175315	-0.4441869585	1.350694332	0.01072548042	1.082693689	0.1350449867	0.942632169	0.4790185715	0.4500241977	1.343192204	-0.5236044425	0.4350731836	0.1916452863	0.5570699119	1.005665423	0.227183306	-0.677187983	-0.5058166938	
0.3815203452	-2.592153996	-0.4437311038	-0.640945105	-0.1866719237	1.084571684	-0.5097859661	1.238005607	1.143752217	0.003001382379	0.3418373861	-0.138195314	0.7861411169	1.101665254	0.5971236623	-0.003739051217	-0.727316336	-0.1843266534	0.1540139652	0.8033860532	1.058080448	-0.1277108211	0.93997266	1.373578781	
0.5629661061	-2.379238133	1.679071205	-0.02106638272	-0.03597243461	1.291671833	-1.699897423	-0.1977453564	0.5963249091	0.1575357464	-0.366755846	-0.650558401	0.5880178763	-0.09999192333	0.4581753083	0.4143792123	0.2037909237	-0.4122835801	0.3896698695	1.479877176	0.4071614114	0.006474604326	1.249415902	-1.383359018	
0.3654491566	-2.055838806	-0.00703046082	-0.04106868331	0.7385257531	1.154966274	-2.072492985	-0.9399907817	0.2452549625	0.2273095265	-0.4406642369	-0.2488543737	0.02574309795	-0.6305872429	-0.009316230003	1.448248331	-0.04475057696	0.7357652513	0.007067889732	0.60068426	0.4640682393	-0.2496531444	-1.429533084	0.5489074045	
0.4816488813	-2.18230703	-1.128565298	-0.3840662146	-0.4063006479	1.577578847	-1.858284206	0.8758239078	0.3202415155	0.7084312268	1.142607443	-1.173967546	0.2142739728	-0.2604685104	0.0361572006	1.54896409	1.343402122	-0.1612386257	-0.4251429062	0.119321724	0.4564800369	0.4611550004	-0.3883757302	-0.5458680945	
0.3358400634	-2.026839576	1.486500594	-0.5665926666	-0.6717115104	1.521287922	-1.711191783	-0.4560627984	0.1776150336	1.023977189	-1.167092666	-0.7446213735	0.3120893666	0.2065675735	0.01407721181	0.5434703418	0.2543428094	0.1591775334	-0.6356736782	1.299891663	0.1182059088	0.5631426906	0.6595949621	0.3554736559	
0.3695665735	-2.016446827	-0.5844699971	-0.5728936715	0.4876061899	1.644788006	-1.632868215	-1.144453865	0.4818562084	0.8397886781	0.1757890648	-0.2465931206	0.4058911443	-0.7657648775	0.5574060834	1.807933152	0.4033919962	1.490523601	0.3752264295	0.8491595521	0.5727132347	0.06139817109	-1.40509273	-0.5175625421	
0.3195554263	-1.875792031	-0.1526309729	-0.2723877421	-0.4689235254	1.736907616	-1.81032538	1.736946091	0.3887042337	0.4664000146	-0.5714223819	-0.4319004362	0.7930948413	0.575101777	0.9427759916	1.149676075	-0.003173606107	0.2063126623	0.3746623492	0.6843176403	0.6143800632	0.1465451891	-0.8062261374	-0.2386031774	
0.4011905809	-1.916123671	1.291436547	-0.2954156718	0.4585519139	1.609783643	-1.746990525	-0.3634263257	0.1697022497	-0.2992699573	-0.9945886914	-0.1921459928	0.4249519259	-1.415727874	1.422865852	1.278556384	0.09376802391	0.9869653144	0.5654176001	1.281444684	0.5285541969	-0.1654176736	-0.06335047922	-0.8375533874	
0.296422374	-1.745905678	-1.12477787	-0.2945229575	0.7071437339	1.278420847	-1.907595274	-0.5050700954	0.342527098	-0.9188105932	0.379448541	-0.05279341292	0.7314772171	0.8822077985	1.436175191	1.534890839	-0.270876552	0.4743924382	1.3010428	0.7844847555	0.3293748037	-1.161073006	-0.9779414056	0.07406219432	
0.2468666065	-2.140525056	0.4236816585	-0.5010790793	-0.3490531447	0.8081752216	-1.740749561	1.457945362	0.5705163646	-0.6078123465	-0.4492594584	-0.02430588687	0.940271232	0.3576538004	1.556553789	0.5813270608	0.7382330371	-0.2112864158	0.4549706437	-0.3828818473	0.7031737332	0.1027614587	-0.9613042894	-0.2556118898	
0.6565347737	-1.823930044	1.508660557	-0.3309758726	0.6736373602	0.4907422462	-1.936339101	-0.06289127069	0.04459876366	-0.4210964611	0.2339515578	0.5600975925	-0.3436141273	-1.249268865	1.591285475	1.048199098	0.3367832959	0.3733810405	0.6815255271	1.018950498	0.1420035478	-0.881335124	1.109299724	0.7685869037	
0.0751530149	-2.148689161	-0.9969455322	-0.4763293243	0.8932082783	0.5094929527	-1.274574257	-0.931475501	0.4538315912	-0.7303136555	0.49899999	0.7937995623	-0.4658457932	0.6707641164	2.084763438	0.3571185844	0.6516687146	-0.6485132185	0.3557072072	0.4347531651	-0.1480989313	0.005576972187	-1.092879362	-0.8887361241	
0.3440136483	-1.799825131	1.147029644	-0.5529620051	-0.4106460059	0.3658490851	-1.657560806	1.085847595	0.1988843569	-0.3159092428	0.3055198406	0.6604533913	-0.7816371682	1.225442632	2.299626074	1.007028508	-0.808686004	-1.07491387	0.3227293538	-0.4169266593	-0.999720717	0.7318115565	0.3664458693	0.1610896148	
0.6403678549	-1.666391791	0.9308221423	0.1286093472	0.4821978053	0.482904977	-2.033254607	-0.5402553541	0.05760833353	-0.5664375815	0.39438366	0.4760700958	-1.081662153	-2.08976245	2.125853077	0.191681274	0.7901042026	-0.4857920724	0.001750865831	1.092299574	-1.372215906	-0.8531411048	-0.2018385036	0.180330472	
0.4116382811	-1.749079405	-1.250052016	-0.07315201091	-0.293954863	0.9021822371	-1.788957076	-0.700088688	0.7618597106	-0.5763415689	0.8123819814	0.2214807559	-0.5015496976	0.7165119906	1.406145867	0.8657726518	0.1973476867	-0.492946667	-0.4101165567	-0.6170285375	-1.627812329	-0.05625572737	-0.3418824966	-0.3471823835	
0.70406158	-1.993461481	1.225104524	-0.128678594	-1.277709052	0.9017349242	-1.69779228	0.663647114	1.123612574	-0.008908052383	0.400363442	-0.3933825698	-0.2909806663	0.02411556937	0.6598591159	0.4379299712	0.5415666955	-0.4641526256	-0.03689656798	-0.2571679724	-1.72767321	0.2920766442	0.02577228772	-1.079571188	
0.310815585	-1.704406628	0.783972588	-0.3951380834	-0.1061344537	1.252131687	-0.4146860793	-0.7675000346	1.5995061	-0.1672860013	-1.089601952	0.6730458837	-0.6094356538	-1.859693037	0.2739352546	0.5129100085	-1.161511997	0.5058856181	-0.007988560947	0.312739172	-1.173766441	-0.1857295629	-0.3869124709	1.092053247	
0.7244397085	-1.822066064	-1.010196221	-1.042890298	-0.03725641761	1.368511637	-0.5100890498	-0.7792774818	1.633186017	0.3573150328	1.599550071	0.8145554859	-0.10288097	-0.1444601824	-0.165166239	1.26423035	0.3382550991	0.8680220399	0.5727853397	-0.2600850183	-0.3655053583	-0.1649109982	-1.016142226	0.1872186199	
0.3113732502	-1.476019227	0.4894195597	-0.5197108109	-0.8172510555	1.595226321	-1.447515751	1.276448277	1.139843883	0.1564785418	-0.9146020115	-0.118811216	-0.05370273461	1.220569391	-0.2932984424	0.1524528458	-0.5178142154	-0.8909237366	0.5873940531	0.1769165513	-0.7928595736	0.5802537275	-0.83141304	-0.5810951696	
0.3121390221	-1.355342048	0.8505151739	-0.6729866252	0.4289000589	1.45351753	-1.120589651	-0.9578071816	0.9796631471	0.8989203145	-1.037466525	1.051583344	-0.1197389666	-1.904236912	-0.2420876329	1.066788261	-0.4416562577	0.7330233918	0.3175316668	-0.06194287329	-0.6316466196	0.2225966044	-0.8749058608	0.04129909209	
0.3910224464	-1.041042601	-1.35408206	-0.3041229721	-0.04072078505	1.775839724	-1.660347852	0.1883059585	0.6249870458	0.6994745343	0.678975298	0.209689481	-0.2116946976	1.240214071	-0.1840974767	0.9153817926	-0.4476087117	-0.7009439059	0.8832344796	-0.05439683931	-1.000347824	-0.6260606284	-0.5857252019	-0.268546653	
0.5089138681	-1.107722924	1.611737076	-0.5243847037	-0.3206512871	1.356236521	-1.856770602	-0.2959410286	0.2608814729	0.8438192806	-0.9770367743	0.156295557	0.08908713552	0.3653119513	-0.3529256333	0.5567287713	1.052646371	-0.2756576522	0.2573518125	-0.6597386673	-0.6577080428	-0.04788907443	0.09009908383	-0.5482085516	
0.5193828285	-0.7266260006	-0.5197469372	-0.322456275	1.062169215	1.100995892	-1.578674541	-0.8168118518	0.03690429474	0.03338597384	0.0867729003	1.043141139	-0.1213035093	0.3977949794	-0.1534753736	1.432594684	-0.6269332398	0.7254058206	0.9453425189	-0.08908257827	-0.7147602617	-0.9522569905	-1.948394049	0.1399374075	
0.282018167	-1.307896172	-0.1221013864	-1.153087656	-0.4509666558	0.7530776015	-0.8844553276	1.644125234	0.4155756793	-0.6693902408	-0.6854311499	0.9299684944	0.432861987	-0.01336721378	0.0006038575619	0.555757373	0.6771717207	-0.07820930262	0.5425073757	-1.530821787	-0.3406232846	0.6126576175	-1.172259098	-0.9210410215	
0.7872914537	-0.5514861586	1.753824879	-0.6180473366	-0.1026482735	0.5449127878	-1.492560025	0.363615579	0.2931884639	-0.8106330752	-0.2658829303	1.133296325	-0.1026608787	-0.7011459814	-0.5856203747	0.7018379801	-0.596471355	0.5873310772	1.736957001	0.8260953202	-1.218623364	-1.241675962	1.307833312	0.3427277726	
0.2944729786	-0.901768786	-0.5413278101	-0.5637245828	0.6727918193	0.3778836137	-1.423555529	-1.108793541	1.328386607	-0.7865888874	-0.988242483	1.363658716	-0.2283476946	-0.8779388498	0.06475601832	-0.2782981524	1.48957107	1.009614851	1.104195654	-0.5712948997	-0.3952514722	-0.1881291531	-1.421410901	-0.8041940819	
0.8276336974	-1.131921682	-0.4454900767	-1.519718038	-0.137035464	0.2488132787	0.1008001941	1.847713283	1.746538442	-0.3475126461	0.9785598657	1.968837422	-0.2489037579	-0.3509523041	-0.2571368192	1.445853598	-1.697945263	0.6258440063	1.47131097	-0.1356305564	-0.4632353683	0.2638969321	0.9556691329	-0.3782211038	
0.457525196	-0.5636297255	1.544911034	-0.8579940866	-0.1816385037	0.4534425207	-0.9871193495	-0.2558798701	1.943220077	-0.6871603592	-1.193922991	1.204410875	-0.2094179751	0.1338106464	-0.2353362428	-1.618736659	0.939885797	-0.2490480884	0.4783950824	0.8530368351	-0.2045497605	-0.01168616893	0.948759398	-0.7340770075	
0.7338286696	-0.7765645361	-0.4956377381	-1.181571755	0.7362394744	0.2176591921	-0.3915657969	-0.8110299331	2.185280933	-0.03991675873	0.559521239	2.374594105	0.1642024091	-0.211840152	-0.01180910206	1.126298366	-2.194445324	1.052753927	1.203242301	-0.003618328696	-1.055968001	-0.4802937484	-0.1125515176	-0.4871446426	
0.3245182947	-0.9603728958	-0.4456237037	-0.5979518405	-0.3349862038	0.3668619321	-0.9997543242	1.87668865	2.471726396	-0.7002926554	-0.1572875668	1.645755081	0.3388462109	0.3997790341	0.2223845225	-1.165081353	-0.1580917421	-0.3413422353	0.2026466733	0.3219622283	-1.539161231	-0.2656319791	-0.2240562069	-0.3318942271	
0.8578591716	-0.8189141361	1.623594548	-0.1392673048	-0.05684289186	0.3857133452	-1.326790782	-0.2198539939	2.309879701	-0.2631978354	-0.7281680287	1.301754454	0.4161062735	-0.685559919	0.1772829743	0.08628574343	-1.288455378	0.9829062217	0.3659591311	0.5260642401	-1.965113722	-0.2915015559	1.844678791	-1.082019815	
0.3718109312	-0.5359997758	-0.5532013639	-0.001995619642	0.5416421309	0.5684354593	-1.63347896	-0.947333927	2.655556634	0.01312918011	-0.8697131452	1.501881038	0.342240109	-0.2759941325	0.1045568615	-0.3329217501	0.4422027353	1.307117807	0.9798619269	-0.1837625842	-1.699052841	-0.5133454282	-1.39228562	0.2672905966	
0.6534561692	-1.475821901	-0.7388957404	-0.95650887	-0.2010529529	0.9002400967	0.5132935584	1.187022739	2.37748638	0.6397708493	0.4824444371	1.409942735	0.7713166483	0.1770501878	0.4056994362	0.4145958943	-1.06002078	0.4273734682	0.5226005672	-0.554799782	-0.9353054259	0.3383365338	0.3651088898	-0.3881037695	
0.3846890503	-0.6707733641	1.400579608	-0.467592927	-0.3340230373	1.229937177	-0.972827604	0.4682526994	1.395246587	0.5055790066	-0.9574782427	0.907979428	0.7428716535	1.172868134	0.4701482052	-0.9240869089	0.1766263334	-0.3783881778	1.077947509	0.763395763	-0.7873259005	-0.6364314623	0.5359951837	-0.2715544331	
0.6916213993	-0.3509681903	0.6158044448	-0.397536419	1.07347152	1.782559592	-1.28791099	-0.3571463213	0.294295391	1.199212802	-0.3258386066	1.201908552	0.5244946547	-1.601885837	0.5452320718	0.7672429759	-0.3104335425	0.9829156616	1.443383159	0.350960407	-0.5959520449	-0.6016842018	-0.3964551286	-1.002846998	
0.4107746996	-0.26789116	-1.182052169	-0.347819069	1.232094381	1.904982157	-1.479001373	-0.2285098808	0.03729624066	1.126088472	0.5441510584	0.9018805657	0.4428076375	1.412450298	0.9116845633	-0.3421169276	0.9554109352	0.04817587569	1.166482656	-0.1718523471	-0.2426344565	-0.3622789137	-1.105983634	-0.8398977153	
0.7213794618	-0.4666256754	0.7025968147	-0.6013860222	0.3037068635	1.660705137	-1.200557374	1.856273418	-0.5218669348	1.724330431	0.3780740674	0.6426235343	0.4045521311	1.171477854	0.8129288207	0.1589805436	-0.1332727433	0.1109618198	1.851231941	-0.672600683	-0.5337435707	0.6418405294	-0.3708760236	-1.718894925	
0.2984535364	-0.2597704493	1.246393604	-0.1575153309	1.318621758	1.761071334	-1.435486805	0.01206249836	-0.8483068443	0.8855097956	-1.071594567	0.6016851805	-0.02920249533	-0.8196228619	1.517155115	-1.365815036	0.3259503927	-0.3636980471	1.411138949	0.7489445063	-0.6802192993	-0.1438892129	0.06812690177	-1.240246083	
0.6586167058	-0.7528295799	-0.8180045521	-0.96542344	1.344169787	1.280713901	-0.3280176213	-0.4564382617	-0.9523739795	0.4094920817	1.451324949	1.183795706	0.5499141355	1.165883671	1.917137423	0.6998507652	-0.5435764254	0.3684574887	1.947853428	-0.7543140818	-0.6798137772	-0.1927164515	-0.3708739859	-1.75838359	
0.2107996597	-0.4644843226	0.8419205547	-0.6573270562	0.2854650196	0.8801622791	-0.7880299952	1.793594096	-1.400633721	-0.7009315425	-0.4619683047	0.6147394734	0.2074273605	2.105132029	2.148748674	-0.9478170148	-0.08446853182	-0.8123620054	1.045146899	0.3753492435	-1.325336681	-0.8017754669	-0.5724973806	-1.821594816	
0.4447740892	-0.2038356798	0.8666781054	-0.4759135366	0.8893805601	0.4016533479	-1.266280819	-0.6102953252	-1.246471167	-0.9861040535	-0.7178666786	1.238314116	0.3328131618	-1.009004141	2.01021683	0.8168329514	-1.085686493	0.8552134812	0.9545595907	-0.296942	-1.841618071	-1.198805075	-0.02814392302	-0.7383011203	
0.4078059447	-0.5024488233	-1.427726538	-0.05530894454	0.4784170336	0.3374701661	-1.394607764	-0.03736822174	-0.3772144389	-1.449453872	0.5854128467	0.9111802411	0.3914409203	1.733021944	1.218283604	-0.5145964934	0.4446878236	0.2579125636	0.2520048936	0.1759975251	-2.223405913	-1.652320387	-0.6389887036	-1.072778299	
0.2928416046	-0.9824519765	0.6535619948	-0.6707690273	-0.7167778272	-0.3534074841	-0.3896503173	1.174026965	0.6088947536	-0.6045524273	-0.5139620386	1.419778835	0.535572698	1.218598313	0.6880294423	-0.6603500059	-0.979409113	0.7792833822	-0.09457195941	-1.189089076	-1.741731474	0.4089291292	0.08509864196	-0.3070359389	
0.3809137118	-0.4808052577	1.183380574	0.02385026782	0.1605145064	0.04735548163	-1.310413877	-0.09047417272	0.8136888359	-0.1936704882	-0.4519758765	1.000027113	-0.5987855998	-0.5842685201	-0.4047774037	-1.569042674	-0.2242518929	0.8687679106	-0.08522109539	0.4332031881	-1.525938197	-0.4987155872	1.357254964	-0.4405168641	
0.1315643094	-0.904093005	-0.5774018356	-0.7603180848	0.5620332752	-0.3217248482	-0.6646207082	-0.9961852284	1.159504393	0.226791051	0.2240189304	1.74944947	-0.9987378696	0.5420675039	-0.6722588143	-0.8286320748	-0.6369266407	1.512692235	-0.06539956137	-1.549250224	-0.04188182762	-0.03973099352	-0.9563494253	-0.3365936745	
0.3214701757	-1.013109258	-0.1709642866	-0.4843174364	-0.3493793273	-0.3934165153	-0.8575086717	2.387146403	0.5849007459	0.0491083397	0.6938884923	1.16885799	-1.83666365	0.6778508151	-0.4207081143	-1.428183903	0.3481784203	0.7787703745	-0.3042942593	-0.6259816232	0.1399112902	-0.7020697403	-0.2789947985	-0.6792914758	
0.2861436237	-0.7560703555	1.60551494	-0.1995758769	-0.2184015984	-0.6275855763	-1.134442207	-0.3098935762	0.02937589398	-0.06609337907	-0.8980600377	1.163829483	-2.136027648	0.1069908675	-0.5726559696	-1.323234466	-0.9742451376	0.9017943197	-0.09736365253	-0.02293834736	-0.2880539573	-0.7410723852	1.656403041	-0.6851019622	
0.280530874	-0.6954912997	-0.6245287998	-0.7380248881	0.3473369884	-0.4546224402	-0.5496390405	-0.9029868225	0.08541551711	-0.01988566891	0.08927535378	1.685585503	-2.082869985	-0.2514021387	-0.6088189256	-0.598420339	-0.1617735062	1.505230515	-0.3820060352	-0.7953635363	-0.03171535241	-1.302123303	-0.7821956281	0.5025789274	
0.313644754	-0.6479632185	-0.1876708335	-1.285439674	-0.7199786282	-0.1021671072	0.6846770093	1.490161019	0.3143696161	0.220554574	-0.1091779138	1.453074266	-1.787225672	0.1628969027	-1.085169974	-0.06360815044	-1.858631979	0.5414004053	-0.7957876192	-1.386264478	0.3763162739	0.2002110294	0.05490646235	-0.4928434957	
0.7574306855	0.02161991345	1.361456945	-0.9531872616	-0.2203520228	0.1330651288	-0.4813359695	-0.1840877835	-0.2335845964	0.4505386085	-0.1122402278	0.6690000554	-1.678680252	-1.223848892	-1.19058135	-0.6417002534	-0.1082472343	0.6873441369	-0.4542653024	0.1977769476	-0.2645492032	-0.7761787447	1.015006571	-0.6297816687	
0.5074249276	-0.3889027357	-1.058163128	-0.3945392366	0.3211605394	0.4533380061	-0.2273767268	-1.05336416	0.526816132	-0.0675614442	-0.3920129931	0.5377439005	-1.60750059	0.0747096822	-1.410427392	-0.3944393945	-1.509893178	0.6920970826	-0.4983055372	-0.04626455895	-0.2005882054	-0.3425177687	-0.3477530681	-2.921266867	
0.3746522173	-0.09289384639	-0.921761189	-0.6481808174	-1.12814644	0.5738025807	-0.9578608443	0.9709457705	0.6938764024	0.6459344043	-0.2304023855	0.422993661	-1.012660254	0.4131526643	-1.067577551	-0.1481948566	-0.5380325363	0.5157778703	-0.1430385411	-0.7851820308	-0.9776800328	-0.1776578799	0.1309301309	-0.4509578563	
0.6620647378	-0.1281413264	1.374903908	-1.374596831	-0.6275843698	0.807836127	0.3342096027	-0.6018877101	0.9592824903	0.7886149051	-0.8519521216	0.7814818177	-0.6920501874	-0.9588922272	-0.974409843	-0.4674849706	-0.4184282282	0.8589732894	0.6920681058	0.3494884664	-0.956949597	-0.3735520999	0.8484912856	-0.6264705153	
0.3320151692	0.3028357907	-0.7687108404	-0.9087365398	0.4831431095	0.844167821	-0.3894091954	-0.9411753639	0.6560904848	1.208152482	-0.6494280154	1.071152572	-0.02973092595	0.2282086278	0.007891498047	0.0724972163	-0.2831475384	0.7428585446	0.3818007193	-0.5694120894	-0.1318508807	-0.6358237251	-1.643755001	-0.2413576686	
0.8239562689	0.2087672147	0.267297615	-1.343242223	-0.1638526831	0.69233795	0.3322602546	2.154323068	-0.09801443853	0.8105781042	0.07823487572	0.7397669328	0.5730887993	0.4786093208	0.3631858282	1.078034532	-0.4336061117	-0.598934218	0.5527538973	-0.1066559607	-0.5713026738	-1.08258183	-0.390129978	-1.685394867	
0.3824441854	0.3509250794	0.9109802508	-0.3542153074	1.151024346	0.3678141632	-0.3714987368	-0.09860139514	-0.4908406151	0.005242061813	-1.469095933	1.229832311	0.5745327329	-1.116123933	1.225162998	-0.573528367	-0.05140053568	-1.229971536	-0.3436854096	1.437970893	-1.120307647	-2.044790148	-0.2115943487	-1.112709275	
0.85020122	-0.1683466177	-1.276006376	-1.056023591	0.5454683282	-0.1525640578	0.45325643	-0.05089935383	-0.2158585303	-0.792007528	1.344352669	1.545935323	0.8957420489	0.6136633888	0.7611222621	1.48248505	-0.3160054238	-1.077866557	-0.5022194247	-0.6281595308	-1.491477061	-1.070558321	1.036834812	-2.22989622	
0.3625113769	-0.1296926507	1.205108653	-1.239743029	-0.3244620657	-0.5098131803	0.9231088541	0.2006969491	0.008975585542	-0.7730083877	-1.283227024	1.59743296	0.5173366802	1.233565813	0.5222798432	-1.623320338	-1.08412897	-1.151992008	-1.41475903	0.4749016544	-1.837252915	-0.544792841	1.432524333	-0.9307503172	
0.8562424882	0.05798959271	-0.4454834988	-0.69520752	0.7883774013	-0.6702942208	0.01515731652	-1.175323289	0.5670003153	-0.746243883	0.002902141506	1.478838363	0.2638923475	-1.063054996	-0.2711112485	0.997677725	-0.3611959621	0.9646281584	-1.141223536	-0.7294447354	-1.631060201	-0.7860357673	-0.1097088775	-1.736009229	
0.4042098331	0.2461566311	-1.140864856	-0.6030840921	-0.6524997872	0.003789967747	0.02231456246	1.379046956	1.046023601	-1.041282452	-0.5855560242	0.8218220798	0.2152447058	0.4741299024	-0.6751645072	-1.090349782	-0.553467546	-0.197281231	-1.34789114	-0.05475386111	-1.712309569	-0.5436172662	0.5400335839	-1.292071122	
0.8246548723	0.4822132706	1.273101061	-0.6803022069	-0.4008423778	-0.08268901154	-0.3256756774	-0.7728251646	1.170617597	-0.1953572723	-1.190860701	0.7612812182	0.03577096225	-0.9073062805	-0.7547407316	0.2593091549	-1.223953241	0.7146076187	-1.100121797	-0.242921424	-1.627558998	-0.3664073313	1.834432969	-1.037582615	
0.7026461288	0.5166759867	-1.174386162	-0.7243744227	0.2847886594	0.1870511161	-0.1678708504	-1.222573166	1.640667698	-0.02502769879	-0.476830517	1.491760675	-0.1457711788	0.2020051193	-1.051540979	-0.2673784099	-0.1469945273	0.9625587136	-0.9561559745	-0.3909650971	-1.013014856	-0.5752877858	-0.9151146057	-0.03760276749	
0.7175389121	0.2762106944	-0.5289857511	-0.5673877413	-0.7679636173	0.3984144541	-0.1404021305	1.297020971	1.714152163	0.6078080264	-0.8004886983	1.020247918	-0.02032623231	-0.03331997997	-1.098993813	0.5727027237	-0.9927722366	0.538454161	-0.3749115713	-1.013893027	-0.7962384375	0.7354613564	0.4248552824	-1.235924767	
0.5727524852	0.4729323202	1.409618453	-0.9285003549	-0.2511004449	0.5876671598	0.407895715	-0.3710149889	1.385587619	0.9205881774	-1.143493149	1.320310668	-0.0121969169	-0.3772892245	-1.018677369	-0.8886215542	-1.044454034	0.1710350738	-0.2409531332	0.9005535994	-0.3848544552	-0.3859776646	1.063291641	0.6598544682	
0.7539812533	0.01708867205	-0.8198048366	-1.277434739	0.7809612902	0.5810373128	1.291750569	-0.9616495361	0.8011274263	0.8997543026	0.5568913207	1.720777435	0.5119531261	0.1033364472	-0.5921375415	0.719518215	-0.9240977029	0.330186561	-0.1207099133	0.3423378327	0.5580741716	-0.5355614276	-1.449444072	-0.9213373601	
0.4041729482	0.3274905801	-0.2472476109	-0.6633621757	-0.05950548401	0.6332371985	0.5124663043	2.211292289	-0.4690363344	0.8421013566	-0.7481054248	1.238256693	0.5358204823	0.7179890253	-0.3975122672	-0.2978466445	-1.17058887	-1.198387746	-0.5403320431	0.499420267	0.3740524711	-1.17815106	-0.9100022985	-0.6905876016	
0.8487813201	0.3758222299	1.355283187	-0.4666936483	0.8109941257	0.5284917166	0.1603757676	-0.1744263197	-1.000453918	0.812622776	-0.7906258928	0.8638386684	0.2299859202	-1.14963792	-0.3340559318	1.100081081	-0.6895255838	-0.600800085	-1.193557212	0.882297549	0.1539867912	-1.39481344	0.2174832743	-1.681365707	
0.5430277827	0.6617622603	-1.35348025	-0.4814401375	0.9330430238	0.5398176591	0.2499310193	-0.5008285335	-1.152499339	0.1880134241	-0.1039933012	1.312227215	0.1362554573	0.9352346732	-0.3135075477	0.9009602286	-0.3238278123	-0.9829429218	-1.015625285	0.7091941503	-0.5711703312	-1.916296817	-1.794567825	-0.2627666064	
0.5302277667	0.01349837368	-0.3694303367	-1.236638603	-0.4905784419	0.345098504	1.216178119	1.561612116	-0.9762969873	0.5339048507	-0.6129735887	1.445220631	0.3984667088	0.03568760116	0.05168916685	0.7050320767	-0.9904561692	-1.008193937	-0.79307824	-0.8617191191	-0.5115318893	-0.1423513906	0.03053655911	-1.503740565	
0.5751151143	0.6688040196	1.10010945	-0.2255361747	-0.08619607555	0.814021606	-0.179851681	0.09595113434	-1.120734785	0.1705986706	-1.41157449	0.8621260387	-0.08410677323	0.5097092924	-0.1529594874	-0.3577920775	-0.4079658409	-1.249862848	-0.03713594571	0.9727027242	-0.05308456013	-0.605843098	1.305458395	-1.224901461	
0.8259110789	0.7267134314	-0.194035509	-0.580424302	0.9033073843	1.016571887	-0.4755565704	-0.9365757339	-0.9139265527	0.9496127002	-0.5621185472	0.9667456479	0.04083755282	-1.468809083	-0.3763631042	0.4629755257	0.4536695695	0.5244433244	0.2531477854	-0.6849041052	0.05041787318	-0.4700466942	-0.4682487326	-0.9190870635	
0.4800959288	0.3394401003	-1.663108023	-0.6650224706	0.5915049216	1.400815763	0.2910581245	0.121161736	-0.5333141852	0.9785022715	0.1856095439	0.8321733323	0.03273271987	1.283300011	-0.5747820379	-1.203968885	-1.027473608	-0.5747259713	0.1059826315	-0.1178552829	0.7796721629	0.08289005031	0.3095375432	-0.4393214006	
0.6842057455	0.3603146136	1.034288594	-1.141572098	-0.1863567995	0.8426321203	-0.03356408315	0.7877253842	-0.4811694294	1.636887741	-0.4169623715	0.7244879595	0.4972724015	1.226569316	-0.9166469347	-0.1360231891	-0.7323057966	-0.2730510245	0.2476460371	-1.524290065	0.9087130333	0.9569587646	0.4518254732	-0.6353807909	
0.5248464489	0.6670911981	0.9576089593	-0.3488449542	1.118551015	1.130475196	-0.01638008707	-0.03825515301	-0.4750432806	0.7208757037	-0.8579994087	0.6969765107	-0.3297579378	-0.7553545173	-0.6627848317	-0.8645439533	-1.755118427	-0.7693945339	0.07826328982	2.03210193	1.128287721	-0.9973428325	0.4342283143	0.2254685723	
0.3721876909	0.4013541042	-0.7008450279	-1.065654664	1.252092164	0.4804757012	-0.2090264751	-0.8489625686	-0.4124554044	1.092104493	0.5163320794	1.331368059	-0.062536111	0.6673808712	-0.1546295237	0.1786610565	-0.1127128839	-0.3112230487	-0.5508802306	-1.003865137	1.242323612	-0.1330874078	-1.265035468	0.4364702829	
0.4616627942	0.4250606887	-0.4979069021	-0.3833650734	0.4539501598	0.3713032209	-0.1239621398	2.304283913	-0.6816683041	0.2119586989	0.2797831084	0.8076030594	-0.7815548302	1.16186626	0.3791387687	-0.2981648459	-1.497241153	-1.556559157	-0.4008726469	0.6089308757	0.6043415637	-0.9344371729	0.1749836733	0.3969269677	
0.4017372936	0.2913649923	1.640002611	-1.222872352	0.1205524982	-0.4034872583	-0.0215232291	-0.4593035792	-0.7491305726	0.3058713428	-0.8319492529	0.9085052184	-0.824898654	-0.4154001311	0.3603773435	-0.7352867438	0.4085620498	-1.079018583	-1.056607387	-0.6652133294	0.489223318	0.019254982	1.235248708	0.5558291245	
0.6991047808	0.5220751573	-0.7169822005	-0.9955834724	1.031221093	-0.9087335294	0.4929958203	-0.5333769033	-0.427289658	-0.2020501252	0.7880728187	1.214872012	-0.8624838874	-0.05220648519	0.499062541	0.5632489408	-0.5493416571	-0.5156558467	-0.6176987665	0.7826078073	0.4427167059	-1.322442044	-0.6265670333	0.4125588452	
0.5424036266	0.2332956745	0.1491424554	-1.240970463	-0.4047518431	-1.554622694	0.4860210747	1.514086986	-0.411876067	-0.5710269061	-0.4521476047	0.7189766887	-0.4786229986	0.724685626	0.2422988864	-0.5434012138	0.1690124116	-0.3800946809	-1.635456713	-1.088679151	-0.3920979261	-0.1386506365	-0.07311249552	0.05406147814	
1.061360808	0.6372620381	0.7376326504	-0.6386767589	0.1889852081	-1.664091633	0.3294503999	-0.2601597444	-0.2791519891	-1.417346073	-0.3570194645	0.4444464328	-0.9095088888	-1.972362698	-0.460080751	0.4008071542	-0.1809775344	0.3543944302	-1.364049873	1.150405965	-0.6867040773	-0.9753743017	0.8712161744	-0.6461565468	
0.6409294358	0.2222289218	-1.502768357	-1.30425262	-0.4193121383	-1.912432232	1.097333104	-0.9532832923	0.5977434488	-1.366504278	0.01402748925	0.6365539804	-0.5668168623	1.119855434	-0.9608090269	-0.7401181099	-0.3385516302	-0.2055876513	-2.209257299	-1.297700738	-0.5776907206	0.1328356227	0.6587910421	0.2679689655	
1.244250707	0.8174481689	0.3656393198	0.2866823804	-1.661442603	-1.737165907	-0.8775111882	0.9280956419	0.9066822098	-1.342983199	-0.2907976156	-1.162249332	-0.7361758101	0.8092258686	-0.8182667449	0.1239176715	1.042764108	0.02472044303	-1.434634127	-0.07239624363	-0.6197766654	-0.7423457641	1.438533735	-1.879816032	
0.624126973	0.6934785408	0.498256587	-0.2071776209	-1.059875409	-1.373704355	-0.1876370438	-1.247940893	1.472510519	-0.321348052	-1.871184429	0.005998235343	-0.4771002393	-1.287204764	-0.638147244	-1.363347577	0.09543218463	0.6062113968	-1.305157649	0.3847483042	-0.9866195103	-0.4624891823	0.7237127761	-0.4579985227	
0.7115723131	0.7788060259	-0.860115595	-0.3319244361	-0.2409258559	-0.8096943098	-0.222073657	-1.137094698	1.535463453	0.584240986	-0.2079039053	0.3650646017	-0.3633086598	-0.5045191157	-0.04934496697	0.2169231038	-0.1715963753	0.7075771179	-0.339299254	0.1173221877	-0.4202346265	-0.9750931452	-0.6990846174	-0.101851265	
0.4488139427	0.6395584611	-1.384450024	-0.3006429555	-0.4532502131	-0.1672430929	-0.4138887721	0.1591920061	1.049225134	1.624832433	-0.1292646655	0.05409389647	-0.1905739321	0.6419276244	0.3288783406	-0.6656150108	0.2513534169	-0.5009348638	-0.4654192815	-0.7622383099	0.2182634922	0.1271011743	0.1451640304	-0.9187106727	
0.6884686115	0.5756711142	1.328711578	-0.9417396147	-0.5739838065	-0.1552327649	0.5310030396	0.7047222468	0.1560225408	1.60628911	0.2534374366	0.4659277032	-0.2922071291	0.8266389838	0.5985041462	-1.061476123	-0.9862980057	-0.9657133946	0.8122361658	0.2500127429	0.7010395022	0.1785165181	1.211806366	-0.1628260084	
0.2402435084	0.6131566853	0.4566816863	-0.3976070655	1.047552183	-0.04626956634	0.1868853885	-0.6140046795	-0.3575198843	1.067735985	-0.8062531099	0.8621387446	-0.274648752	-1.541964239	0.770334857	-1.761146204	-0.1944967578	0.03478548507	0.7094234632	0.4535447977	1.535805206	0.1474009786	-1.209782342	-0.551479908	
0.789371042	0.3574968486	-1.079649428	-0.5776022546	0.8290615049	-0.1312476957	0.2998399575	0.587727102	-0.7840645626	0.06955552827	1.894625542	0.8291257041	0.4433223149	0.9787933464	0.5259795707	-0.3237942471	-0.4941518703	-0.2189319793	1.241410023	-0.03770778033	1.144217496	-0.5665567264	0.2310988516	-0.8836550529	
0.2281122712	0.1281962043	1.367420522	-0.3600653979	0.2129750533	-0.4823080155	0.2716797518	0.7782477083	-0.9634937958	-0.9599970856	-0.3679190666	0.2486828654	0.3479698097	1.545946962	-0.02244733169	-2.09358875	0.4291495886	-0.538610567	-0.1260296057	0.7575231617	0.7875889701	-0.3875609746	-0.1374815995	-1.187146247	
0.7712517721	0.2385140738	0.01756547719	-0.6802000265	0.8163984869	-0.4148795685	0.7352185772	-0.6630643333	-1.089374605	-1.530061957	0.6231938764	0.5050306708	0.3275672408	-0.8473424231	-0.6998617213	0.5995755347	-0.9467806649	0.8487601319	0.006860689945	0.6415774938	-0.06296698887	-1.384181802	-1.176139378	-0.6979203457	
0.03443206614	-0.1491077124	-0.7439119161	-0.4769725597	-0.6895929755	-0.3208809492	0.7897253272	1.755596683	-0.8358689913	-1.820177055	-0.1742769301	0.3826995011	0.4531272876	-0.05395179844	-0.9888659686	-1.664973142	-0.7922713096	-0.3634791257	-1.630300251	0.03843186502	-0.8292355419	0.1620024067	-1.279751892	-0.6314088155	
0.7097877968	0.2499360145	1.387349994	-0.3594767359	-0.9260172934	-0.2998786451	0.5867542725	-0.3701564851	-0.9334135501	-1.572147308	-0.2910037845	-0.07493701878	0.2672687739	-1.382446232	-1.559295792	-0.172068392	-1.126734023	0.8588996471	-0.7822948394	0.08084482978	-1.992271696	-0.7801110279	1.147011951	-0.2954272399	
0.2703951017	0.3525200125	-1.290646703	0.05238174731	-0.4302577263	0.1702417083	-0.0007775015842	-1.502919829	0.2654980217	-1.367245451	-0.8474798532	-0.2036231887	0.1365073794	-0.1961441734	-1.026890925	-0.6043186734	0.3604411957	0.9198186117	-1.491933183	-0.2681391704	-0.9931126991	-0.5310253124	-2.368716073	-0.3447625874	
0.4984363722	0.1222033638	-1.04092444	-0.3911040855	-1.347355521	0.4084646089	0.6320464922	0.9833524688	0.2774387864	-0.4489345515	-0.2911334218	-0.03051349771	0.4736747782	-0.04637728795	-0.9220221759	1.050196123	-1.318999344	0.4346067647	-0.5727562039	-0.8762333666	-0.4997613886	0.2799173789	0.1344506243	-0.7702115785	
0.2771512295	0.357562353	1.059474244	-0.4429272247	-1.113313894	0.6859673604	0.7229500031	-0.1057256897	0.2497230877	-0.5227548558	-1.477179317	0.2126155556	-0.3580818259	0.8262769797	-0.6196202912	-0.7141915932	-0.3569469192	-0.4918777425	-0.6517828678	0.5211410882	-0.009803459155	0.07145241938	0.5898443375	0.697025688	
0.3859399089	0.4673206596	0.01191037883	-0.3404726979	0.6577360424	0.5312997289	0.7631511864	-1.071557024	0.1092270884	-0.06148761887	-1.225479851	1.149695055	-0.9832227174	-1.18605221	-0.6084844834	1.282275176	-1.83269339	0.295269253	0.1470632341	0.3913528043	0.5544193258	0.5448806439	-0.5843040339	0.7058325978	
0.3327898026	0.4210380603	-1.426909825	-0.7925247766	0.4595764304	0.3498135631	0.9929259402	0.3260464542	0.1206391805	-0.2651029072	0.7981139558	1.108217767	-1.211194376	1.522781349	-0.6168052478	0.03598677263	-0.5348387935	-1.208092433	0.0591803885	-0.6208621452	0.9124224533	0.4856701657	0.602300121	1.802141287	
0.5155176483	0.2546510614	1.14223478	-0.5719540498	0.1782139348	-0.1917386471	1.233893181	0.3081942491	-0.1100726428	-0.3612343751	-0.3807876639	0.1473656926	-1.485314193	1.343172066	-0.8078498615	-0.8060555924	-0.6780080889	-1.19175292	0.02822759995	-1.194773665	0.5184319591	2.018953831	1.349743234	-1.072263843	
0.6189471296	0.7750313709	0.2727069627	-0.8386022704	0.8571031667	-0.4896423821	0.5534354363	-0.8232494674	-0.08698993955	-0.3989156462	0.1108415167	0.6001175141	-1.894317191	-0.9199858311	-1.262215818	0.009911609983	-1.767770649	-0.1571042949	0.5893235849	-0.7278828642	0.09561623838	0.517373371	0.4566594022	2.474672867	
0.6941793658	0.4637493647	-1.649809968	-0.2140187323	-0.3171205698	0.07048083441	0.3831125996	-0.2097428629	0.6354871751	-0.750318441	1.164709676	-1.150827848	-1.074160169	-0.1341035373	-0.7861696279	-1.118411743	1.688982274	-0.1485681424	0.6283656723	-0.5976502411	-0.5922774438	0.7796515319	-0.09553044666	-1.554235039	
0.469945628	0.8010546456	-0.4278404501	-0.504807236	-1.067833222	0.04226859738	0.2991929101	0.7381961072	1.028009286	0.608058862	-0.9008015376	-0.5945576122	0.2362601106	0.2976817913	-0.1005261877	-0.05199899622	-1.566748671	0.8184097093	0.7697712821	-1.544396081	-0.3782144692	1.581701588	0.3475585776	0.3391847674	
0.6048363193	0.7904346289	0.9902647806	-1.114946219	-0.2728898468	0.5679197735	0.9800112306	-0.3499885552	1.321939917	0.9498294381	-0.5105469327	-0.2435181179	0.749128348	-1.306765444	0.2540872432	-1.396744704	0.1123266743	0.838696336	1.032106413	0.822728245	0.2754532731	1.134278741	0.6512328706	0.8795798689	
0.4191458491	1.16355595	-1.030232479	-0.4724588196	1.146663218	0.622225556	0.2028394704	-0.9402019749	0.6890931921	1.48396464	-0.1535897832	-0.2457669816	1.486602494	0.7298272602	1.221933301	0.1097524901	-0.957729581	0.6327217922	1.500835026	-0.4643571622	0.6526583378	0.3079738819	-1.474979831	-0.0653088669	
0.471856098	1.065693332	-0.1108637236	-0.2380657162	0.3099474054	0.6885113309	-0.2679204045	2.721977601	-0.8476518463	1.204980414	0.3594613852	-0.6411776528	1.801700516	0.9532248768	1.556889311	-0.6786592546	0.5183163306	-0.7383598471	1.125634602	-0.1911286805	0.10534884	0.05031403954	-0.6564754727	-0.5418467153	
0.06004613406	0.6838637627	1.202374967	-0.526889638	1.49547396	0.3662471653	1.081048914	0.006080977009	-1.297733418	0.5212623437	-0.7594376303	0.5083363409	1.422179963	-1.016389474	1.250124122	-1.685929347	-1.10428177	-1.098749457	0.2163785901	0.5171774307	-0.1435523297	0.8856664377	0.4941407011	0.9465265821	
0.7129461783	0.3743289216	-1.220031884	-0.1855505687	1.651238716	0.006512313956	0.6157066112	-0.1152571929	-1.182953884	0.3060413231	1.90436969	-0.5612930847	0.9683483842	0.3293410239	0.5560363404	-0.6186532638	0.5414481806	-0.409617729	0.001838411676	-0.5532208821	-0.54544073	0.3334029876	0.2483707156	-1.88189168	
0.1050490554	0.2590109466	0.2362618073	-0.3993282378	0.2341170938	-0.6980818112	0.8156578581	1.641041557	-0.9960018758	0.05497933583	-0.43646425	-0.04274438464	0.3207256263	1.386887296	-0.145424386	-1.66873588	-1.804794234	-0.379609942	-0.7940269724	-0.8200965879	-1.036813065	1.076801155	0.7159023347	0.4230156408	
0.5063663643	0.3754424674	0.7771218471	-0.3887774753	0.2238469312	-0.93121096	0.748117168	-0.5283392703	-0.192665708	-0.3436501399	0.09536872395	-0.7070068385	-0.1969616464	-2.01698827	-0.6403055829	-1.593997332	0.4357270821	0.6448245077	-0.6930493779	0.1360191709	-1.306866892	0.2758765881	1.164978396	-0.5697185471	
0.2268077966	0.5984730108	-0.9586730448	-0.03850319426	0.5630775424	-0.7816623857	0.161746818	-1.07293452	0.4449369238	0.04898167246	-0.5186522146	-0.388288648	-0.6663956989	0.09678626965	-0.9510658716	-0.1629780652	-2.24216378	0.9956253073	-0.6586023928	-0.8414565504	-0.4009258825	0.2875460447	0.09371983248	0.3902555652	
0.3737609254	0.5324834096	-1.251008546	-0.4086832941	-0.6028144152	-0.2686306617	-0.03395700941	1.201582614	0.3231300139	0.1320436185	0.6980004266	-0.9148059126	-0.9991339046	0.5410189407	-1.419652947	-1.040601794	0.6551626761	0.1925751095	-1.013668981	-0.9004667118	0.579107805	0.6968257188	0.3320844176	0.4852288198	
0.4188689673	0.4293432794	1.185640364	-0.5900620721	-0.3361795807	-0.459415987	0.6597809284	-0.2197183268	0.2669399964	-0.09627880631	-0.885112259	-0.4268448126	-1.472647141	0.9580798902	-1.369719401	-0.5899574226	-1.530972147	-0.01714887658	-1.083833214	-0.4586190973	0.5486277233	1.119020513	2.205795384	0.575719725	
0.4296829336	0.5292228872	-0.2638215688	-0.4229503059	0.8743618294	-0.8026976861	0.3994876635	-0.7284647532	0.2437703289	-0.4273616958	-0.4555733696	0.1619796234	-2.092125456	-1.111050092	-1.156840126	-0.8456298054	0.1609995002	0.629107775	-0.9920507485	-0.3597608461	0.4689845955	0.2912111713	-0.4880703623	1.653499962	
0.1759091408	0.277705365	-1.269972027	-0.5858654007	-0.2109005804	-0.7876779487	1.178717323	0.4026238361	0.4021071418	-0.5027647902	0.4712304221	-0.4159757778	-1.508756138	1.003475571	-0.2358548833	-0.8643626212	-1.222917577	-0.3498837417	-1.328575105	-0.7602246397	-0.04147082325	0.5430137291	1.547626433	0.5513221983	
0.5374606752	0.1428468376	0.9443505797	-0.7889618691	-1.108041386	-1.416206673	0.9329403464	0.6374899282	0.4319964578	-0.4453969611	-0.09707512364	-0.1626209995	-0.9994044856	0.2104094614	0.3429816865	-0.9455643844	0.411189921	-0.4714140342	-0.7990235204	-0.2253211373	-0.5123255613	-0.4288388273	1.555015728	1.000068741	
0.4201100559	0.5085218317	0.4314834874	0.3404941798	0.02957923446	-0.9922538471	0.472062862	-0.9668962126	0.9217943824	-0.0807795713	-1.321327423	-0.1745926294	-1.032630586	-1.306825075	0.9264756831	-0.1639220754	-1.163053406	0.6940969697	-0.6607585485	0.8452065462	-0.477799117	-0.01814721611	0.9104121032	-0.5769169246	
0.2055972392	0.5098024872	-1.147228366	-0.7040865804	0.3672921481	-0.9242157792	1.164749861	-1.025577011	0.9896047184	0.2475443725	-0.1895250534	0.8617023554	-0.2020000115	0.08637320684	1.17392044	-0.07679764693	-0.9983654066	0.2973159499	-0.7016643727	0.1552881412	-0.2269436157	-0.3984772384	-0.6217584526	1.766665343	
0.3458765065	0.5047031191	-0.6245549107	-0.592720036	-0.2212085482	-0.6662982797	1.421068501	1.473408795	0.3990885258	0.7126722897	-0.07232565688	0.1929993403	0.2963935815	0.4794166583	1.824007344	0.5031104211	-1.34639789	-0.5996283261	-0.493411452	-0.09395561648	0.3425124622	0.493848071	-0.2598768396	-0.2662227717	
0.5805036362	1.019391086	1.500233227	-0.2892797877	-0.02832005282	-0.5317890855	0.5219494725	0.2598413154	-1.017292984	0.692346615	-0.1670594693	-0.2194028762	0.07993369322	0.5394364749	1.887061274	-0.2795490137	-0.3856435409	-1.150343918	-0.2215151983	1.497117998	0.06283333079	-0.5117214035	0.9253380133	0.9449029495	
0.06825968453	0.7049974814	-0.1573432018	0.0893196244	1.067303774	-0.5928754191	1.087454789	-0.8596805695	-1.384359246	0.2697502983	-1.134134387	0.4833637332	-0.05532137886	-0.6563608784	2.617803485	-0.6855494142	-0.8696044807	-0.06049628287	-0.1137498594	1.054810637	-0.2329937572	0.1143832318	-0.248021744	0.2903918985	
0.2609803635	0.9290881925	-1.117462907	0.127865762	0.8992071681	-0.6644632743	0.3102422276	-0.3465443978	-0.8759716743	0.2735575084	0.5814180405	0.2752509139	0.09410201399	0.3569691516	2.027115043	-0.3727689889	0.0936188858	0.001095222895	-0.07254461276	-0.1748343061	-0.1142366944	0.06448691205	-0.642907665	1.2681393	
0.2076817042	0.5868141289	-0.9939062879	0.208015501	0.1648077192	-0.6737094069	0.4081232328	1.002330221	-0.8353866973	0.7477784788	0.4792735558	-0.605137094	-0.01483791823	0.9864628588	1.34419238	-0.5127692899	-0.3699330871	-0.2104662985	-0.5720421586	-0.5280910959	0.6731860475	1.26992982	0.1805284554	-0.7543902932	
0.4153739971	0.9098018303	1.334721658	0.1061207811	0.02418740625	-0.4233561169	-0.04882715971	0.5785215746	-1.109741591	1.059474835	-0.03906987238	-0.8149867806	-0.5576362588	1.286873289	-0.005427902879	-1.235461687	-1.011952783	-0.3238728206	0.1309104627	0.005416222418	1.067447296	0.898466007	1.970916994	0.8461196481	
0.1198204944	0.669219627	0.2695732762	-0.1131267909	1.335120843	-0.3812294593	0.1237514744	-0.690451735	-1.209705439	1.005163143	-0.1923010542	-0.7084971153	-0.7103207872	-0.9945030696	-1.102951021	-1.594808876	-0.138704249	0.6427001436	-0.6192946981	0.02904273709	2.217088464	0.8237288492	-0.3726397078	-0.1772171539	
0.4045221343	0.6503757755	-1.102999641	-0.7187132105	0.7664765618	-0.570357518	0.5072083227	0.6122236834	-1.363372897	0.1931199963	1.610223418	-0.6684305112	-0.711693092	1.370079351	-1.855734729	-0.6777889461	-0.5160649844	0.5209686931	-0.3618762393	-0.5776346431	2.057884165	-0.2720692385	0.2342052209	0.8936530288	
0.02072269681	0.4441902502	1.025545205	-0.654057054	-0.06885236094	-1.355242798	0.8153118164	0.758410927	-1.547789718	-0.9673245244	-0.3069226404	-1.043742014	-0.9091094377	1.459104815	-1.593927751	-1.929576063	0.4481706996	-0.1482286815	-1.293988821	0.2067430111	1.534589546	-0.1665345769	-0.1394279987	0.03331854795	
0.47668393	0.395852327	0.06465019625	-0.7295958048	0.5782498197	-1.798681492	0.9220703256	-0.6880763545	-1.533974474	-2.103666362	0.2745977894	-0.3021003026	-1.297643779	-1.357315628	-1.455897026	-0.1418368037	-0.599366068	1.054602185	-0.9694650574	0.3618308729	0.544835051	-0.8628190448	-0.05595132442	0.7987759407	
0.07299530263	0.3756128489	-1.714640042	-0.3145679629	-1.11243442	-1.752893227	0.6168359944	0.03763619809	-0.7629241687	-2.210260063	0.0003057029491	-1.068309514	-1.403842409	0.4498634934	-1.137178303	-1.396132286	-0.01247252967	0.3632036208	-1.626593998	-0.8224108567	-0.03780763974	0.4303175172	0.4772872928	0.4027059017	
0.6760594447	0.3689229274	1.184057772	-1.078103717	-1.938588514	-1.709306292	1.587491042	-0.3740167706	-0.3037692866	-1.98800403	-0.539546563	-0.9507314857	-1.854011558	-0.591559045	-1.39070777	-0.6759871788	-0.3717544504	0.4130807321	-0.8830162161	-0.6445809196	-0.6538695228	0.6530446648	1.868728324	1.101101858	
0.323052087	0.7604853233	-0.8196562631	-0.5282573022	-0.5764221373	-1.39789927	1.357270754	-1.348435054	0.797881527	-1.753618699	-1.808858471	-0.6495505385	-1.942241117	-1.139456095	-1.362451139	-0.3825909035	-0.2432656884	1.032603971	-1.310326207	-0.7411978699	0.03584908964	1.096426172	-1.041588214	1.182033287	
1.182536638	0.9647140895	-1.038353457	0.419781596	-1.290985246	-0.8355027717	-0.315517782	1.223077666	1.069542696	-1.138352062	0.05503164701	-2.170837781	-1.376220432	-0.598259308	-1.201215819	1.271857649	1.417453762	0.3002932634	-0.7717602833	-1.741885689	0.2146038354	0.9047680194	0.8754905047	-1.806245168	
0.5270109836	0.9699083512	0.6303233373	0.4391878664	-1.446290712	-0.607253324	0.1049390235	-0.5524064824	1.285632877	-0.9241005509	-1.75981789	-1.420793861	-0.8866497636	-0.01796763229	-0.9397584648	-0.9851144066	-0.3648955495	0.2740881346	-0.01453442845	0.4597984687	-0.4335129383	0.09443375524	1.439454437	-0.08013532004	
0.8511083862	0.9672378306	-0.5916047729	-0.1723259326	-0.40453612	-0.09731240171	0.3386574282	-1.367823872	1.701547311	-0.06421130812	-0.7675351565	-0.6159684335	-0.3366119586	-2.170133566	-0.34596296	0.4431591801	0.9761413282	1.618798131	0.672527847	-0.4750611388	-0.04350600107	0.5130544523	-1.326613116	0.5283848705	
0.3622425493	1.290214098	-1.630914451	0.0149385808	-0.5183478235	0.5656119812	0.4198673372	-0.1527089426	1.644450955	0.6251523202	-0.07364058867	-0.847414733	0.4385182833	0.8810404969	0.2278173303	-0.0326006415	-0.8033377981	-0.5480185476	1.050194229	-0.5142790291	0.4019501808	0.7233362792	-0.06679915057	0.6416287674	
0.7591691705	1.09580548	1.534147607	-0.550507414	-0.4667624918	0.4348542691	0.6728610752	0.009392906292	0.6417536766	1.221636658	-0.1479570196	-1.026734464	0.5590861215	-0.2311131939	0.2972002497	-0.4070532729	1.369122408	-0.7976113839	1.808344273	0.1191314264	1.088439108	0.496371111	-0.08522664694	0.1139339929	
0.1512664947	1.063492054	-0.7013120055	-0.2287859174	1.464832651	0.7030478195	1.131536162	-0.7795706057	-0.3315927628	0.6065891128	-0.3606959267	0.09609981783	0.7836020946	0.6485026213	0.5509387778	-0.3650903408	-1.559167323	-0.5049873731	2.143956661	-0.3389969386	1.924379724	0.7480288718	-2.377863431	-0.1646286068	
0.3522193937	0.8651595456	0.372119708	-0.9642131795	0.213865844	0.187596864	1.151866168	2.37482269	-1.655277133	-0.01588443436	0.6064354279	-0.08148835986	1.147350183	1.355321161	0.07672482544	-0.8790480325	-0.4331790238	-0.9169802693	1.423983977	-1.460292749	1.798288618	0.3750146778	-1.875275168	1.259948028	
0.1687211184	0.6292049624	0.5380896477	-0.3075088657	1.410495188	-0.01949438342	1.529948505	-0.3828807609	-1.636732985	-1.660516074	-0.6995858275	0.03871571354	1.117700123	-0.5904155154	-0.8642062722	-1.137092725	-1.977976707	-0.2881178515	0.8290004236	0.3873137556	1.609352577	1.009356743	-1.135429798	0.4816121334	
0.430552764	0.746144938	-1.17403609	-1.141372361	0.1449897712	-0.4075327913	1.252164864	0.9759308668	-1.350571502	-2.010589808	1.217926134	-0.09712930974	1.16121129	0.6830941968	-1.214227755	-0.3353640151	-0.4527558607	-0.7125089883	-0.5031546073	-1.233614243	1.060662549	0.1451203951	-0.7948689067	2.196047153	
0.5144212	0.6303603167	1.266425221	0.04272946465	-0.4274772149	-0.5636657745	1.108234695	-0.3952555829	-0.8024144599	-2.208589976	-1.119427645	-1.000403998	0.9867841102	0.694679677	-1.1364778	-1.106248559	-1.090343063	-0.5548238103	-1.171576341	0.6941944793	-0.3784046881	0.7302011235	0.9012163432	-0.9517531956	
0.3304394795	0.9256085202	-0.5757078884	-0.3155177276	-0.1069072162	-0.7722632277	0.77882161	-1.395939453	-6.528415245e-05	-1.268147633	-1.013178076	0.1000574299	0.5140735453	-0.9353636561	-0.620031225	-0.2530189021	-0.9498038554	0.7172843282	-0.9487273411	-0.3692492466	-0.8298350526	0.2460079624	-1.312438221	2.864019172	
0.4892311592	0.7355286443	-1.510074298	-0.168693652	-0.7558351248	-0.1191516775	0.9050729092	-0.6593206336	0.8625646623	-0.3715416137	0.0003242414618	-0.5977502976	0.7374278177	0.5587569548	0.02541699596	0.007228443755	-0.233463174	-0.0894125434	-1.146473618	-0.5494847977	-0.1638249676	1.486378765	-0.2593503664	-0.2912214903	
0.4836935262	1.250262568	0.1557008123	-0.2606471101	-0.6685293812	0.00577423084	0.5190226064	1.203627352	0.5817821218	0.5914534529	-0.6752550937	-0.1601306287	0.8015977292	1.231338524	0.370519791	0.1379124994	-0.9104269691	-0.5681760804	-0.5294402805	-0.4884281002	0.1233393794	1.122221036	0.2853679256	1.52771525	
0.3807848781	1.020937757	1.065085076	-0.1891373297	0.6340203335	0.1204586354	1.049502139	-0.3573922735	0.04833953496	0.4745870174	-0.9234016951	0.1862166127	0.3372417203	-0.6413628989	0.1945580168	-1.11696403	-0.3526507411	-0.7630966987	-0.9380913574	0.5903537551	0.2135842605	1.535065624	0.4321341747	0.5763979488	
0.4367793189	1.281762076	-0.6336078692	-0.2585017544	1.594701643	-0.2067141632	0.8927653138	-0.6302587475	-0.6005114837	0.325478317	0.2831680366	1.030014738	-0.3681377005	0.5601375971	-0.04867576428	0.2725122234	-1.401227131	-0.3821756725	-0.2751167984	-0.547681886	-0.0652376488	1.016261851	-0.8595707704	2.607220413	
0.1749998152	0.6778998954	-0.839711846	-0.05128637481	0.6514294848	-0.3500090533	1.087272037	1.466768582	-0.5085170661	-0.4370138499	0.3524475707	-0.1018706418	-0.6711954317	0.3004284916	0.24246338	-1.818537491	0.9177503836	-1.539432868	-1.569853543	-1.302769916	-0.08071305573	2.162309565	0.3098642967	0.3950239022	
0.8356958707	0.7265474187	1.777290368	-0.6442715233	0.05360542024	-1.252911467	1.799831225	0.1209814335	-0.36908283	-0.6194035549	0.8218882418	-0.03952192562	-1.241540561	0.2305633861	-0.4424438218	-0.03611804077	-1.203972469	-0.8655063777	0.1692814767	-0.2050173302	-1.515994651	0.9787254884	2.367618174	1.668754875	
-0.04456149759	0.7552117976	-0.5514014577	0.1348069502	0.8378301642	-0.997022304	1.444398134	-0.9717247407	0.07299184395	-0.8072660418	-1.227326372	-0.1231944331	-1.700794178	-1.301576169	-0.1525416961	-1.878151866	0.7311275533	-0.3324763753	-0.9784678549	0.2753111962	-0.8479865348	1.00881043	-1.361751871	0.4830196019	
0.6287158449	0.4959303413	-0.9137789095	-0.4754755673	-0.6138946232	-1.010522429	1.504973986	1.087986501	-0.1297413019	-0.162656754	1.079848653	-0.5619505831	-0.8880251676	0.1723988378	-0.2944847831	0.5139628052	-2.042233779	0.1172649488	-0.3332619149	-1.224877193	-0.7499876749	1.989358593	0.7286195539	0.07556841814	
0.1889079273	0.7818090595	0.9891274935	0.2076879789	-0.7075804123	-0.7813166727	0.9014222526	-0.2779826134	-0.2072973768	-0.9457274008	-1.323569834	-1.278277544	-1.346618694	0.6544427901	-0.2142331368	-2.24924142	0.2567880529	-0.3587928621	-0.8061687526	0.8562944224	-0.9395527589	1.004809894	0.8022248244	0.1107399524	
0.4674215418	0.7272266156	-0.4739180576	-0.5970599932	-0.1594827308	-0.8145127828	1.652327096	-1.351304582	0.04542528101	-0.4084629764	-0.4169670278	-0.1046051113	-0.6647323911	-1.092839879	-0.2652098153	0.7705352574	-1.260496581	1.493853666	-0.1870896838	-0.6619665836	-0.6864225935	1.142017697	-0.7626268663	0.6950405534	
0.1840367363	1.059013942	-1.765981474	0.4399064961	-0.5605604253	-0.1041248344	0.4929611603	-0.08392310543	0.2321922472	-0.2697353098	-0.07916821709	-0.9591247855	-0.5777883504	1.148219553	0.283823649	-1.303447395	0.3399428454	-0.03869144884	-0.7232352621	0.5096306501	-0.3746689862	0.406788172	-0.3725409685	0.3106627231	
0.476483732	0.7528094697	0.4612342736	-0.08796101722	-1.103631615	-0.362355354	0.6891693427	0.5023703817	0.2245489751	0.5602116287	-0.6585851718	-0.6434284304	0.009416835654	0.9079754793	0.1541174525	0.3103928067	-0.7037299845	0.3449721006	-0.2042056127	-1.315096383	-0.1318560148	1.883126435	0.183267926	-0.08735376109	
0.1702047112	1.058043249	0.8310380785	0.3387137312	0.1183461917	0.04177052246	0.8878747198	-0.4710585057	0.2697260269	0.2560933569	-0.9193836924	-0.3158746497	-0.7532006941	-0.5526310245	-0.005417435246	-1.451239102	-0.7595956347	-0.3540859849	-0.2034149853	1.449550112	0.8417631683	0.4993314397	0.02469569213	0.842343708	
0.4105921376	0.901977137	-0.6209946211	0.008427477408	0.7607329891	-0.7654122297	0.3592552776	-1.2512958	-0.003192389675	1.205644324	0.5402862924	0.1192275925	-0.3877667163	0.4854377535	0.5017583868	0.8101205829	-0.330715577	-0.04466551325	-0.6168444663	-0.7350297993	1.192885447	0.6308509878	-1.375769003	0.612279108	
0.2252600354	0.8177858311	-0.9943914005	0.444082707	0.1930145441	-0.8256543476	0.8318100026	1.492744381	-0.5337635082	-0.06749989149	0.7099478773	-0.0441064723	-0.7797159629	1.374977256	0.9363997105	-0.2177851151	-1.054551614	-1.790643155	-0.9855514506	1.150836962	0.4000033155	-0.2247056497	-0.1439110935	0.9207800207	
0.03788214587	0.5544947218	1.415121647	-0.5539639361	-0.2837500233	-1.67114088	1.529617006	-0.3356832041	-0.9202551752	-0.2106091398	-0.6463228935	0.2516583182	-0.4958267323	0.7784136172	1.747056334	-0.8596512821	1.105235985	-1.380894709	-1.515995776	-0.3393556556	-0.06335074817	0.2881869602	0.537335127	1.623252701	
0.5265017844	0.5623539531	-0.1525608681	-0.5157452267	0.9268989041	-1.855883603	2.065220888	-0.6534833081	-0.8180464162	-1.552613849	0.9061417795	0.8881799943	-0.6755284573	-0.8740899473	1.971894007	0.6167266346	-0.8128331378	-0.2399824961	-0.3883659314	1.169577716	-0.6786043988	-0.08154067547	-0.9645088805	0.461263105	
0.2332594903	0.6531100398	-1.0443899	-0.3645250131	-0.5668185761	-2.114040458	1.570170868	1.194527754	-0.8649388719	-2.076619012	0.1553450693	-0.08505647175	-0.3172030735	0.5796538676	1.916987043	-0.543725126	0.2793384249	-0.5597261378	-1.079572487	-1.015483785	-0.9469320206	0.8676509638	-0.4167962782	0.1509199498	
1.323965998	1.262824574	1.175293621	0.5733785358	-1.203839488	-1.835942543	0.4222847195	-0.5640316756	-0.2099473792	-2.146934615	-0.8407326296	-1.730537989	-0.4889709495	-0.3686070306	1.267479948	1.183857214	1.741502482	0.546077822	-0.2546919885	0.1074194624	-0.8491543038	0.03532451669	1.345540782	-0.946883628	
0.435204491	1.277722569	-0.9172580589	-0.386575206	-0.09934158522	-1.440726084	1.722003962	-1.413299501	1.02785176	-1.185377594	-1.568524325	0.2493006862	0.09606138816	-0.3753394099	0.9952107193	-0.03979892641	0.4488450702	1.459488014	0.2305785806	-0.6655214298	-0.2125591681	1.272048963	-1.773828554	1.221211455	
1.00385859	1.34106746	-0.3244400036	0.2207458508	-0.6095636177	-1.136759382	1.265933307	1.530629433	1.596902291	-0.6610858906	-0.4186041331	-0.5780292075	0.6593256596	0.06245684755	0.6079753994	0.8803654169	-0.9525398494	-0.2299980091	0.7620580449	-1.082895568	-0.1821983716	2.311980108	-0.03063354214	-1.054335035	
0.6028370986	1.59163044	0.9648899577	0.3941294928	-0.4177912806	-0.7657361388	0.8951699254	-0.6027312289	1.728364226	-0.1120592069	-1.152218433	-0.4170909296	0.4766572236	-0.2030782855	0.4127900399	-1.316558619	-0.6426627321	-0.1241032808	1.281604464	0.8504164732	-1.078763336	1.179490387	0.5299694727	1.645370458	
0.5226386903	1.266238049	-1.010841307	-0.09852374836	0.6200937848	-0.60729189	1.740604729	-1.095272745	2.09148494	0.4102193314	-0.08335907893	-0.001836625683	0.6446095143	0.4012082286	0.3527941571	-0.2117400028	-1.07160597	0.4515804892	1.074044408	-0.3461274876	0.219400429	1.683216965	-1.313859004	0.3248404369	
0.3691202468	1.16546146	-0.2376387655	0.1021601773	-0.2118331829	-0.3376295161	1.31148003	1.812415671	1.181290862	1.640158415	-0.2310228049	-0.1491013707	0.5227454914	1.712620204	-0.1075522771	-0.7522388946	-0.960821094	-0.5408697495	0.8995300485	-0.2139477968	0.07667705662	0.6474353521	-0.7387850386	1.800178057	
0.6006910891	0.8455244561	1.017580831	0.05540474232	0.8976714586	0.2322739187	1.820151113	-0.3292594871	0.05110492396	1.504775724	-0.7683701972	-0.7041936348	0.1015030062	-0.9664062876	-0.4538950447	-0.5710232769	-0.3653737577	0.09426541433	-0.06922840384	0.4078653391	1.405731489	0.8279275586	-0.5435459591	-0.3518284557	
1.214071921	0.06837261708	-0.8053357907	0.6682456794	0.8837845039	0.1489708615	0.5643711081	-0.3520060495	-1.056526047	2.713531351	1.901177586	0.08872689618	0.8383004087	1.073971692	-1.368747937	1.418132688	-0.936786474	0.3487489365	1.894110911	-0.2481124672	-0.2748341848	-1.306683368	-0.8193880969	1.479962228	
1.71491956	-2.423184437	-0.5086917266	3.308666003	0.3312504406	0.7839656568	1.149973177	0.6206996628	-1.604244664	2.715003112	1.798665537	0.1006146762	0.787114544	0.8322558082	-1.161013091	-0.04669671741	1.296968848	-0.06187706168	1.47476926	0.9249883981	-0.954217497	-1.751254522	-0.9693245059	0.04325543315	
0.7057980152	-1.162646745	-1.368109903	2.224743547	0.06833866695	0.9283353861	0.7926913358	0.6220795608	-1.529904384	1.516919404	0.3507024209	-0.1347536246	0.3807000905	2.07831876	-0.8929779338	0.7618610324	0.1410403668	-0.2598474393	1.438771384	-0.4188629698	0.02814145426	-1.828894272	-0.1524377249	2.195071653	
0.477866406	-1.37658068	1.198419153	1.755069846	-0.04193975885	0.4370754814	1.073042179	1.352705146	-0.6587644607	2.345823987	-0.8144687209	-0.2767486154	0.3714593444	1.309334007	-0.1145125425	-0.4396245172	1.171247224	-0.3401116763	1.35258663	-0.7228809968	0.653166802	-0.6721180463	-0.1628298177	1.284664988	
-0.1804591918	-0.3043079516	0.1379017705	1.770384874	1.672177864	0.1919984142	0.2611825688	0.4421489739	-0.4876466577	1.278239736	-0.1309552277	-0.3983044924	-0.4226127091	0.2567574503	-0.09765354106	0.3025569405	-0.1467460377	-0.8199707616	1.901600335	0.3029545836	1.743047526	-1.65791474	-0.7008476869	1.980927214	
-0.7456133084	0.6015801274	0.9551089489	1.381085147	2.047509594	-0.5408044656	-0.1513052687	2.099663085	-0.4845721264	0.461026147	1.155852921	-1.989656416	-0.6341405673	0.8875035251	-0.3777613127	-1.095469716	1.324729571	-2.476623163	0.7297391646	0.1052140141	2.290187565	-0.6810626173	-2.845326708	0.0617567111	
-1.118272909	0.8675592965	0.7587369671	0.8625265428	2.297361348	-1.289608852	-0.299029381	0.7883715742	-1.513457625	-0.9088964252	2.453412367	-3.07552479	-0.8228992458	1.731365962	-0.9016774509	-0.698464405	-0.3992035167	-3.699633505	0.3288625119	-0.6696290518	1.543921104	-1.718494208	-0.8022871463	-1.026308933	
-1.51861717	0.3776615063	1.253345817	0.3547069076	1.546815137	-2.428559269	0.6674919025	1.161828391	-3.014575752	-2.155847525	1.260817228	-3.557524724	-1.704336842	1.166048913	-2.366120022	-2.315651156	-0.01673069602	-4.025202073	-0.6178314321	-1.450045388	-1.374572713	-2.160478174	-1.022035776	-0.9407100839	
-1.439766899	0.01162607793	-0.4632853209	0.7441640541	0.001402602556	-3.285487676	0.2859969078	-0.6315382061	-3.380104564	-2.642936669	1.548668021	-4.072915845	-2.513791058	-0.3617619731	-3.288162364	-2.12585222	-0.5161587663	-2.431139415	-1.776940642	-2.046302357	-2.973397245	-2.705613524	-0.735556938	-0.5322134329	
-1.431860247	-0.3817844759	-0.4380107578	1.225233942	-2.821742265	-3.531592763	0.3616534887	-0.1448287483	-3.06335418	-2.594000952	0.03956405273	-3.946640911	-2.458588441	-0.745669701	-3.221613022	-2.403083032	-0.3384717111	-1.797391717	-1.40116419	-3.129579235	-3.286570673	-1.897395213	-0.7412744845	-3.196000333	
-1.467911739	-0.1796731575	0.4234265959	1.273257747	-3.426841056	-2.844492245	0.2554932888	-1.948027621	-2.545815731	-2.338585044	-0.4892350545	-3.474509905	-2.167935292	-3.042778711	-2.824983172	-2.874395556	-1.194921647	0.1777763279	-1.79289687	-1.063347463	-2.268404823	-3.24737295	-0.5886152646	-0.03887261238	
-1.454432889	-0.03463218194	-0.9116450979	1.505065358	-3.186432104	-2.063872865	-0.284659463	-2.508679707	-1.608154692	-2.151919496	-0.2762614359	-3.432576215	-0.9797687397	-2.564041804	-1.937256128	-1.73618302	0.4297051669	1.042726959	-2.154495673	-1.223796761	-0.7511382404	-3.158418857	-1.965496719	-1.243733029	
-1.138918669	0.2322211082	-0.8650186686	1.097045623	-2.890701595	-1.49334103	-0.2506230042	-2.193645553	-1.116811826	-2.003981034	1.192460578	-2.286078014	-0.223782376	-2.406461382	-1.406785098	-0.5478427355	-0.003895477602	1.238855869	-2.005579571	-1.55795345	-0.479373868	-2.897060431	-2.365328281	0.3649905497	
-1.16096548	0.1814075055	-1.820582868	1.636157592	-2.772292298	-0.8235813699	-0.1118276769	-1.352123309	-0.6898772923	-2.005047057	1.131989715	-2.086356081	0.3617958304	-0.9304138997	-1.226288088	-0.5447020481	1.172754478	0.01338419662	-1.574864773	-1.20604293	-0.06701869768	-1.642148644	-2.346146952	-1.381764648	
-1.268419875	0.1599358283	-0.6946282156	1.750932947	-2.822825924	-0.5429783631	-0.05190485137	-0.5628156357	-1.085290323	-1.405276409	0.188224431	-0.7475096361	0.9161269245	-0.7808403701	-0.8275168621	0.1363073147	0.1190213711	-0.3378912585	-0.6324910891	-1.565478861	-0.1825127142	-1.753090149	-0.3973823669	0.003776459687	
-1.574428378	-0.5112007747	0.1936987718	2.060543976	-2.271809952	0.001405778634	1.054435133	-0.259454467	-0.5919979442	-1.088170637	-0.6867728281	0.6834238374	0.4931681023	-1.056223464	-0.4550194377	-0.2841944474	0.7171758896	-1.731128013	-0.3090306639	-0.9769346452	0.8484202616	-1.140731152	1.043069985	-1.746308263	
-1.47306854	0.006951921009	0.5735041586	1.837023176	-1.881877018	0.2303550608	0.1790449243	-0.6300273769	-0.1964812323	-0.5059833337	-0.2802618339	0.3314904708	0.2150691096	-1.044500255	-0.2148428081	0.444608803	-0.2324430809	-0.821027306	0.4004972076	-2.051521487	1.75783194	-0.9992966598	1.169036817	0.2889441577	
-1.586095418	0.2438369189	-0.04988142789	2.224815964	-1.401072802	0.6382092124	-0.2915016583	0.0437560804	0.09340819247	-0.1485567735	0.3796280955	-0.0283262915	0.2510769215	-0.425457554	-0.4404153503	-0.4440894392	1.569422456	-1.343462229	0.5330143339	-1.556474812	2.067066131	-0.538380389	1.352900428	-0.4382888765	
-1.40424449	0.4048906009	0.8848162093	1.558514968	-0.9993548722	0.440448104	0.1367656144	-0.250883054	0.2933921144	0.7086497555	0.1897854874	0.3159012994	0.5672432466	-0.6674565401	-0.004773200809	1.082991944	0.3080571522	-0.9047586962	0.2405579004	-2.679929953	2.36588522	0.01643645663	0.8242417127	-0.04757689835	
-1.417493768	0.4093371902	1.115939945	1.590620176	-0.6396935416	0.5371502556	0.1942474721	-0.09839450653	0.1643486505	0.4785607568	1.07482838	0.2794938719	0.7291564637	-0.7137699366	0.1662959992	-0.2094239503	1.655280442	-1.511869882	0.6306716162	-0.3871223845	1.888189896	-1.043003785	0.7088583409	0.5747965058	
-1.498019161	0.6435996729	1.052728972	1.826046206	-0.1727355317	0.850597009	0.1091420633	-0.9986075769	0.3777369589	0.412087047	0.07572535452	0.5291114087	1.30715115	-0.9444048901	0.3298037884	0.5116722689	0.7862015683	-0.5541032467	0.6370438464	-0.8452770317	1.843832417	-0.1629743563	0.001563211593	0.2162182356	
-1.453290479	0.8242691443	0.06276189132	1.335788394	0.7897473007	1.122869737	0.2595788868	-0.838943467	0.04567150996	0.6659234102	0.8703346408	1.010643392	1.709058286	-1.015203067	0.8438123056	0.4514867903	1.095222085	0.6198064789	0.7272839084	-0.7266814034	0.918776548	-0.6713655451	-0.4643681552	2.012365041	
-1.366716681	0.6536896501	-0.6832965496	1.753026602	0.8014522315	1.367423404	-0.01697142355	-0.8555555141	0.1028967789	0.4510773551	1.276927341	0.469097129	2.271239875	-0.2675336708	1.290615181	0.9858414182	1.392735029	0.160015743	0.9066710151	-1.761250914	1.060901269	-0.1403751136	-1.318111887	0.2863977448	
-1.257012522	0.8521683816	-1.030243119	1.724431916	0.517583945	1.422035658	-0.06479282204	0.4172247437	0.07555107139	0.384281131	2.269879477	0.3274338185	2.22733883	0.6774110466	1.796557108	0.2730466923	2.111562621	-0.401339635	0.4342751877	-0.9070810582	0.627364963	-0.4616961973	-0.5638031995	1.579441704	
-1.503473228	0.7686004882	-0.3167137134	1.947308315	0.390831087	1.167584632	-0.1379875234	0.9433211476	0.02087374333	0.8841627628	0.9515780311	0.1307127655	2.083084237	0.5047534994	1.823040132	0.4258213502	1.62313605	-0.3246549321	0.5139208767	-1.341883514	0.6434154732	0.7867740527	0.8500980168	0.4684310885	
-1.206795505	0.6233559938	1.35028301	1.232914223	0.313344407	0.8135325897	0.0743850828	1.03106917	0.1602312061	0.8775472833	1.369451178	0.5854451839	1.534709469	0.2225010796	1.944038545	0.4541195805	0.5649295451	-0.8034641567	0.83495633	-1.07422877	0.4224830621	0.7856947675	1.899873463	1.759936203	
-1.471806618	0.7661477683	1.295395407	2.221248596	1.037093165	0.5989241155	-0.3423448928	-0.1083053946	0.2856066848	0.8747982144	0.7290763316	0.4512233686	1.317612131	-0.7053944498	1.684505651	-0.5276160304	2.019119337	-1.230869972	0.140816255	0.4071708671	0.8114436676	0.7736467682	0.5904848065	-0.2302684423	
-1.218480123	0.5611943343	0.7478212617	1.167798687	1.72622974	0.1993033024	0.4770006329	-0.2596116411	0.09145431865	1.122085916	2.265408702	0.7756544357	1.482927976	-1.491962763	1.552964295	0.544789908	0.4099277787	-0.02663137819	0.4699307266	-0.4597638421	-0.1515054916	0.1558637179	0.6574923314	1.902877375	
-1.668553404	0.57434004	-0.7070319345	2.355485551	1.695914221	0.1370633058	-0.07519867951	-0.3703714628	0.1779171421	0.0703581632	1.868701805	0.03840027776	2.131818901	0.1966159399	1.181956934	-0.4968404736	1.802601125	-0.3190640485	0.0738663283	-0.09551217778	-0.3373286287	-0.0256781116	-0.6798136595	-0.179924806	
-1.435592082	0.3659808244	0.1981466719	2.209859847	0.5078232657	-0.1158100221	-0.3657201686	1.935859871	-0.04818370423	-0.2146868402	1.938192626	-0.3105844543	2.247027466	0.6475465696	0.9498975523	0.6083283577	0.5149531832	-0.106457501	-0.5245455778	-1.530181536	-0.1746447551	0.3968210745	0.4754495084	-0.3520349525	
-1.854887067	0.7659020376	1.592786973	2.310288619	0.2206443473	0.1193138234	-0.282879485	0.2572480681	-0.2619141217	-1.219296388	0.7193729008	-0.6237552462	1.791965849	0.1189581037	0.4817972906	-0.7274441031	1.354252814	-0.2987707437	-0.6461862873	1.205792001	-0.5587414904	-0.4393049734	0.9882611592	0.02538160189	
-1.822133725	0.2540120447	-0.01114573147	1.266252246	0.6009606893	-0.09677533976	0.921662022	-0.9227273229	0.09998690969	-0.6277385639	0.9196221673	0.2473424173	2.210234429	-0.7108334794	0.2856129038	1.000052557	0.07357084282	1.594814151	-1.280076209	-0.877286252	-0.4516358108	-0.2994958878	-0.6946583411	1.526813527	
-1.393649664	0.2557503062	-1.089789652	1.238084228	-0.2931680113	0.220459354	0.5540422739	0.3857289108	-0.02790210615	-1.038481363	2.268277323	-0.4735034522	2.317245082	0.3681728634	0.4185938936	0.3548201568	0.7372444159	0.6132963286	-1.114495189	-0.1569432397	-0.520674968	-0.5123917247	-0.2849468695	1.294358839	
-1.292549653	0.2889548316	0.267122633	1.835588356	-0.9568784303	0.4415063686	-0.04153321844	0.7969264881	0.06349156996	-0.5846823469	0.1307334724	-1.003266307	2.600356795	0.5684728954	0.09536362563	1.079045282	0.7888179967	0.9794876612	-1.2002829	-1.273735261	-0.1287904807	0.3081470844	0.5867273825	0.1184496245	
-1.192735013	0.5414355496	1.212686556	1.295392588	-0.2698770664	0.5940604734	0.2207507029	-0.2578180671	0.3920741736	-0.3972677967	0.01640879897	-0.2879484987	2.098283819	-0.9067507907	-0.7183343361	0.7019517539	0.631758338	0.9827725989	-0.5903185354	0.4594294198	-0.7256445984	-0.2346283737	1.345207971	2.758500544	
-1.691641381	0.4419637069	-0.2909058546	1.61244156	0.5776923831	0.6329636694	0.4736018221	-1.052692576	0.6177599549	0.5768649773	-0.2448538906	-0.1867504512	1.832074506	-0.594774896	-0.2363676297	0.7536592642	1.644243313	1.454324906	-0.3369694866	-0.5479474681	0.2084065309	0.1445300953	-0.2349413213	1.503681619	
-1.261872484	0.5770323487	-0.9470794737	1.25937378	0.7506097452	0.8768354335	0.1990576349	0.3169768569	0.592093012	1.037206264	2.055657747	-0.2740682214	1.903247116	0.3239077488	-0.1652341736	0.9332879142	0.9732603297	0.6785908675	0.6290075756	-1.187791352	0.3896924597	0.1077801701	0.09167133622	1.705701146	
-1.81022691	0.4557916496	-0.5691738518	1.47176553	0.3074586738	0.8592540962	0.3793284205	1.063308334	0.3018792588	1.362091765	0.993257456	-0.6166953329	2.118259703	0.9803307986	0.2001033612	-0.5836753069	2.046194804	0.6264578658	0.4242744711	-1.028764109	0.9678687628	0.8620534203	1.023087345	0.2155244862	
-1.283670178	0.3963517814	1.448837413	1.038561436	0.3386565705	0.8134077101	0.6081184894	1.144665511	0.1999426764	1.078738306	1.243320145	-0.3202078792	1.616654302	-0.0463529379	0.1209457309	0.3593577774	0.4612302304	0.2529602685	1.301623395	-1.13525959	1.035855079	0.7841763294	2.031477152	0.3124955853	
-1.74196868	0.5903408914	1.318090409	1.884448324	1.138641561	0.4428272044	0.0232010773	0.05852701037	0.1177369167	0.612663278	0.7982198287	-0.5343785364	1.100904015	-0.07258695935	0.339748832	-0.5154992278	2.060652181	0.3780194367	0.6550005057	0.926253899	1.928099989	0.0449955607	1.12740483	-0.5228841308	
-1.222770996	0.6933542535	0.501222813	1.378689442	1.888238677	0.1472174504	0.110403786	-0.01617947089	-0.2906810632	0.3372852696	2.006330353	-0.02757340897	0.3950881725	-0.937561588	0.05324136077	1.35349976	0.7696762273	1.817930773	1.005055882	-0.5009119047	1.149694662	-0.2473483685	0.3413448972	0.6238703104	
-1.732495983	0.7505944828	-0.9547616014	2.250938101	1.440772705	0.5386270006	-0.2981100915	0.4278891631	-0.3812219559	-0.4002935811	2.39736209	-0.8451960022	-0.1633076729	1.827273399	-0.0193533612	-0.488214749	2.128876115	0.6221078809	0.2069152189	0.2635792996	0.7018518211	-0.1480762249	-0.2726070175	-0.7792632863	
-1.5437607	0.4344806159	1.389708262	1.554612185	0.2230781352	0.02471552827	-0.1424932661	1.705405086	-0.6426444722	-0.2799253811	1.725987043	-0.6857151411	-0.5340424539	1.83584171	-0.7335230638	0.005595775545	0.04883030425	0.6861734098	-0.3166672192	-1.445546197	0.043168393	1.360049047	0.881071946	0.2681000467	
-2.478390085	0.9569723546	1.201769468	2.268926745	0.8357409322	0.02879595672	-0.1953292831	0.136348972	-0.2551857947	-1.456717719	0.9889671184	-1.346725167	-2.43449809	-0.7053492529	-0.6787019706	-1.533178837	2.008939119	0.5498319342	-1.197422086	2.396791086	0.6660197964	0.005367241942	-0.04470754644	-0.2791062507	
-2.674002248	0.879758888	-0.2034356898	2.136615127	0.2622478013	-0.4482683274	0.01048456622	-0.9332888539	0.2162068426	-1.165958476	1.385371308	-0.9792881703	-2.412364563	0.004676096973	-0.5308278526	0.3525287879	0.1711801682	2.053657299	-1.698451907	0.6140961286	1.068065401	0.4156664484	-0.6985068107	-1.149277472	
-2.828862643	0.6912140403	-1.149242705	1.723558593	-0.9321994347	-0.3015605301	0.01916858488	0.5531887038	0.1567798809	-0.8096362373	2.286484341	-1.09417704	-1.767066145	1.18188615	0.2638511318	-1.401444044	1.498950256	1.997402211	-2.261014441	1.283429344	0.4390953292	-0.2621291181	-0.4437281492	-0.2734288773	
-2.526090207	0.6463890417	0.7121800475	1.520446728	-1.485551697	-0.504023223	0.04899074043	0.7913813862	0.1236196044	-0.09525741918	0.8234934372	-1.06491344	-0.9264417456	0.4723629343	0.7770809866	0.9538501166	0.2564475106	2.310902741	-2.124486139	0.006629454863	1.036848475	-0.1307050962	0.6422636108	-1.116775235	
-2.285872561	0.8258983125	1.252008841	1.749162774	-0.6762966543	-0.2406719432	-0.1013022328	-0.2708365956	-0.2506598137	-0.5515275125	0.655238254	-0.7148813554	-0.7762781258	-0.9005194466	0.4679732523	0.04398745153	1.310927853	2.641175056	-1.034213522	1.916850302	0.5021282957	-1.122918989	0.3579571413	0.6057899725	
-2.385812025	0.3639600441	-0.6976355179	1.513633633	-0.2986402987	-0.3209794451	0.8167310303	-1.21806014	0.4643052059	-0.9369977483	0.5425690939	-0.5843707726	-0.7204586775	0.4804603101	0.4492488048	1.449092732	0.9685981363	2.95486743	-1.11280875	0.2501208538	1.588030376	-0.1377430626	-0.7775184933	-0.4018268881	
-2.039529065	0.4375988771	-0.8499914333	0.969380119	-1.256517156	0.08621628629	0.8587977705	1.415019599	0.2635157841	-0.5753893958	1.36181033	-0.6538856473	-0.6655926162	0.1674147152	0.1245860517	0.5894383512	0.6270909456	1.582844077	-0.2919607008	0.191512242	0.7979567679	-0.2608422251	0.8447991396	1.325568639	
-2.200968265	0.501558028	1.097804664	1.809563174	-0.9954934017	0.2549824294	0.236508568	-0.4254392672	0.5720754458	-0.1959600718	-0.2275290872	-1.336276013	-0.8276226267	0.1737505962	0.02639543789	-0.03755653272	2.249471241	1.552389731	-0.3192430115	0.03702000757	1.080504657	0.4284065654	1.749456176	-0.6234923638	
-1.498353937	0.7632834855	0.2647257245	1.246234605	-0.01892457607	0.5652390558	0.4999922915	-0.7626963009	0.861451278	0.1996407631	1.11357301	-0.8578783593	-0.8196036661	-1.328802754	-0.4592132716	1.327019812	1.253876295	2.615964039	1.162115601	0.1332504907	0.672242793	-0.09286219089	1.292786836	1.478817693	
-2.290764852	1.108715803	-0.6081748095	1.62955268	0.554581192	0.7283099211	0.1858095935	-0.7310865823	1.364438662	0.5407107768	-0.2738837489	-0.9603251996	-0.7721442632	-0.3112606794	0.3555236875	0.3580264525	2.305886503	2.031406566	0.7031256438	0.1405014704	1.193230743	0.2930717073	0.3332685101	-0.1108667849	
-1.909170136	1.120091915	-1.161970677	0.9734034475	0.2886277836	0.9996691463	0.2870914142	0.4343076855	1.450595671	1.405574236	2.021471399	-1.225738443	0.1714030681	0.5998021924	0.6272465966	1.501820042	1.830741897	1.922794517	1.53300115	-0.4643583894	0.9547745296	0.3944301813	1.363276877	0.5661727854	
-2.365974099	1.106133763	0.9531014238	1.403102886	0.1280660584	0.9880220977	0.4324111746	1.341368566	0.8254683437	1.486895141	0.1985377293	-1.38266844	0.5051585032	1.890841382	1.106500734	-0.3984219519	1.502579427	0.9164084095	0.771978816	0.8869991092	1.34216014	0.4662826099	1.561452484	-0.9197278061	
-2.355359564	1.250260136	0.7644223452	1.172792714	1.535853001	0.7589594768	0.5106970366	-0.4000578733	0.2300088617	1.931355502	0.7271797871	-0.6770716895	0.813342617	-0.5883810501	1.330098358	1.712361143	1.299857845	1.684171755	0.5489915446	0.4940998534	1.037104874	-0.4836787489	-0.1925937104	0.5255340812	
-2.10271294	0.8036318076	-0.8586131165	0.4462400739	1.007697691	1.015081453	1.295296729	1.656185911	-0.6438459631	1.167073168	3.073952268	-1.27668219	1.012338016	1.239560122	1.075779986	1.662724374	1.35960945	0.190371881	0.06203213717	0.6418182089	0.7760431285	-0.940542633	0.6118162924	-0.1147084117	
-2.449441855	0.9286398239	1.609295779	0.952879208	0.5772561869	0.864523992	1.501398468	0.4532862179	-0.9461298045	-0.197268562	0.1470613465	-1.322250248	0.8883902102	1.634346793	0.1008050552	0.7112096043	2.162758943	0.1735751841	-0.729645049	1.539652324	-0.260082966	-1.191137792	0.7798763238	0.233902485	
-2.326277597	0.7612007536	-0.3411901556	1.04343293	1.540792094	0.5536413441	1.5060817	-0.9092343394	-0.7846156558	-0.4243255508	0.4351985087	-0.2677752176	0.758314558	0.4844365435	-0.04700116781	3.027177995	1.292149504	1.504635356	-0.9572610042	0.2241810988	-0.6010943629	-0.9540162689	-0.9195663496	0.4635784433	
-2.291865285	0.8907010551	-0.8913378553	0.6818481042	0.1094062495	0.7933743479	1.341133298	1.485691259	-0.3383278887	-0.6655523477	1.224841701	-0.7899422952	0.5546010956	1.277554343	0.1468725281	2.305350294	1.069292991	0.1875605829	-0.5958572033	0.02161730358	-1.579736305	-0.4310651358	0.4710754485	1.631049366	
-2.211016601	0.9954702303	1.36238665	0.795686381	-0.08680896358	0.3040542848	1.398104159	-0.3809867273	0.3150997893	-0.1806419418	-0.235863982	-0.7832664275	-0.03705912132	0.8120382655	0.74475087	1.285269967	2.689300609	-0.1650071617	-1.308836449	-0.1219386416	-1.113493153	0.6207637887	1.029035355	0.577442164	
-1.829570687	1.06400016	0.1828610943	0.7466957501	1.031325935	0.1541549348	1.512220923	-0.8894048239	0.7816021929	0.8551023687	0.7763134322	-0.05864059217	-0.7627769017	-1.064578669	1.021315103	2.215414062	1.483942014	0.7904374572	-0.143023535	0.007848832134	-1.119264494	0.04638276891	-0.008188830082	0.8552675793	
-2.103533634	1.218497133	-1.25954218	1.310326032	0.7499569451	0.4852796616	1.349832329	-0.3470568139	1.111856134	1.077232407	1.368575711	-0.5164532978	-0.5243996378	0.9675661838	1.362027024	0.59208027	1.644445242	-0.2255605037	-0.4375624103	-0.5380600919	-1.041671913	0.4984175663	0.4986933891	0.1473989239	
